Using pre-set license
Built from '6000.0/staging' branch; Version is '6000.0.47f1 (2ad1ed33fd3b) revision 2806253'; Using compiler version '193933523'; Build Type 'Release'
OS: 'Windows 11  (10.0.26100) 64bit CoreSingleLanguage' Language: 'en' Physical Memory: 16078 MB
BatchMode: 1, IsHumanControllingUs: 0, StartBugReporterOnCrash: 0, Is64bit: 1, IsPro: 1

COMMAND LINE ARGUMENTS:
C:\Program Files\Unity\Hub\Editor\6000.0.47f1\Editor\Unity.exe
-adb2
-batchMode
-noUpm
-name
AssetImportWorker1
-projectPath
C:/Users/kojom/Documents/Programming/Shin SvZ/Shin Samurai vs Zombies Defense
-logFile
Logs/AssetImportWorker1.log
-srvPort
57608
-job-worker-count
3
-background-job-worker-count
8
-gc-helper-count
1
Successfully changed project path to: C:/Users/kojom/Documents/Programming/Shin SvZ/Shin Samurai vs Zombies Defense
C:/Users/kojom/Documents/Programming/Shin SvZ/Shin Samurai vs Zombies Defense
[UnityMemory] Configuration Parameters - Can be set up in boot.config
    "memorysetup-bucket-allocator-granularity=16"
    "memorysetup-bucket-allocator-bucket-count=8"
    "memorysetup-bucket-allocator-block-size=33554432"
    "memorysetup-bucket-allocator-block-count=8"
    "memorysetup-main-allocator-block-size=16777216"
    "memorysetup-thread-allocator-block-size=16777216"
    "memorysetup-gfx-main-allocator-block-size=16777216"
    "memorysetup-gfx-thread-allocator-block-size=16777216"
    "memorysetup-cache-allocator-block-size=4194304"
    "memorysetup-typetree-allocator-block-size=2097152"
    "memorysetup-profiler-bucket-allocator-granularity=16"
    "memorysetup-profiler-bucket-allocator-bucket-count=8"
    "memorysetup-profiler-bucket-allocator-block-size=33554432"
    "memorysetup-profiler-bucket-allocator-block-count=8"
    "memorysetup-profiler-allocator-block-size=16777216"
    "memorysetup-profiler-editor-allocator-block-size=1048576"
    "memorysetup-temp-allocator-size-main=16777216"
    "memorysetup-job-temp-allocator-block-size=2097152"
    "memorysetup-job-temp-allocator-block-size-background=1048576"
    "memorysetup-job-temp-allocator-reduction-small-platforms=262144"
    "memorysetup-allocator-temp-initial-block-size-main=262144"
    "memorysetup-allocator-temp-initial-block-size-worker=262144"
    "memorysetup-temp-allocator-size-background-worker=32768"
    "memorysetup-temp-allocator-size-job-worker=262144"
    "memorysetup-temp-allocator-size-preload-manager=33554432"
    "memorysetup-temp-allocator-size-nav-mesh-worker=65536"
    "memorysetup-temp-allocator-size-audio-worker=65536"
    "memorysetup-temp-allocator-size-cloud-worker=32768"
    "memorysetup-temp-allocator-size-gi-baking-worker=262144"
    "memorysetup-temp-allocator-size-gi-baking-worker=262144"
    "memorysetup-temp-allocator-size-gi-baking-worker=262144"
    "memorysetup-temp-allocator-size-gi-baking-worker=262144"
    "memorysetup-temp-allocator-size-gi-baking-worker=262144"
    "memorysetup-temp-allocator-size-gfx=262144"
Player connection [5372]  Target information:

Player connection [5372]  * "[IP] 10.5.0.2 [Port] 0 [Flags] 2 [Guid] 3922720862 [EditorId] 3922720862 [Version] 1048832 [Id] WindowsEditor(7,Kojo_Slave) [Debug] 1 [PackageName] WindowsEditor [ProjectName] Editor" 

Player connection [5372]  * "[IP] 192.168.68.100 [Port] 0 [Flags] 2 [Guid] 3922720862 [EditorId] 3922720862 [Version] 1048832 [Id] WindowsEditor(7,Kojo_Slave) [Debug] 1 [PackageName] WindowsEditor [ProjectName] Editor" 

Player connection [5372] Host joined multi-casting on [225.0.0.222:54997]...
Player connection [5372] Host joined alternative multi-casting on [225.0.0.222:34997]...
JobSystem: Creating JobQueue using job-worker-count value 3
Input System module state changed to: Initialized.
[Physics::Module] Initialized fallback backend.
[Physics::Module] Id: 0xdecafbad
Library Redirect Path: Library/
[Physics::Module] Selected backend.
[Physics::Module] Name: PhysX
[Physics::Module] Id: 0xf2b8ea05
[Physics::Module] SDK Version: 4.1.2
[Physics::Module] Integration Version: 1.0.0
[Physics::Module] Threading Mode: Multi-Threaded
Refreshing native plugins compatible for Editor in 12.64 ms, found 4 plugins.
Preloading 0 native plugins for Editor in 0.00 ms.
Initialize engine version: 6000.0.47f1 (2ad1ed33fd3b)
[Subsystems] Discovering subsystems at path C:/Program Files/Unity/Hub/Editor/6000.0.47f1/Editor/Data/Resources/UnitySubsystems
[Subsystems] Discovering subsystems at path C:/Users/kojom/Documents/Programming/Shin SvZ/Shin Samurai vs Zombies Defense/Assets
GfxDevice: creating device client; kGfxThreadingModeNonThreaded
Direct3D:
    Version:  Direct3D 11.0 [level 11.1]
    Renderer: NVIDIA GeForce MX350 (ID=0x1c94)
    Vendor:   NVIDIA
    VRAM:     1978 MB
    Driver:   31.0.15.3640
Initialize mono
Mono path[0] = 'C:/Program Files/Unity/Hub/Editor/6000.0.47f1/Editor/Data/Managed'
Mono path[1] = 'C:/Program Files/Unity/Hub/Editor/6000.0.47f1/Editor/Data/MonoBleedingEdge/lib/mono/unityjit-win32'
Mono config path = 'C:/Program Files/Unity/Hub/Editor/6000.0.47f1/Editor/Data/MonoBleedingEdge/etc'
Using monoOptions --debugger-agent=transport=dt_socket,embedding=1,server=y,suspend=n,address=127.0.0.1:56780
Begin MonoManager ReloadAssembly
Registering precompiled unity dll's ...
Register platform support module: C:/Program Files/Unity/Hub/Editor/6000.0.47f1/Editor/Data/PlaybackEngines/WebGLSupport/UnityEditor.WebGL.Extensions.dll
Register platform support module: C:/Program Files/Unity/Hub/Editor/6000.0.47f1/Editor/Data/PlaybackEngines/WindowsStandaloneSupport/UnityEditor.WindowsStandalone.Extensions.dll
Registered in 0.005943 seconds.
- Loaded All Assemblies, in  0.639 seconds
Native extension for WindowsStandalone target not found
Native extension for WebGL target not found
Mono: successfully reloaded assembly
- Finished resetting the current domain, in  0.625 seconds
Domain Reload Profiling: 1259ms
	BeginReloadAssembly (190ms)
		ExecutionOrderSort (0ms)
		DisableScriptedObjects (0ms)
		BackupInstance (0ms)
		ReleaseScriptingObjects (0ms)
		CreateAndSetChildDomain (1ms)
	RebuildCommonClasses (79ms)
	RebuildNativeTypeToScriptingClass (19ms)
	initialDomainReloadingComplete (80ms)
	LoadAllAssembliesAndSetupDomain (265ms)
		LoadAssemblies (186ms)
		RebuildTransferFunctionScriptingTraits (0ms)
		AnalyzeDomain (260ms)
			TypeCache.Refresh (258ms)
				TypeCache.ScanAssembly (235ms)
			BuildScriptInfoCaches (0ms)
			ResolveRequiredComponents (1ms)
	FinalizeReload (626ms)
		ReleaseScriptCaches (0ms)
		RebuildScriptCaches (0ms)
		SetupLoadedEditorAssemblies (539ms)
			LogAssemblyErrors (0ms)
			InitializePlatformSupportModulesInManaged (31ms)
			SetLoadedEditorAssemblies (7ms)
			BeforeProcessingInitializeOnLoad (107ms)
			ProcessInitializeOnLoadAttributes (297ms)
			ProcessInitializeOnLoadMethodAttributes (97ms)
			AfterProcessingInitializeOnLoad (0ms)
			EditorAssembliesLoaded (0ms)
		ExecutionOrderSort2 (0ms)
		AwakeInstancesAfterBackupRestoration (0ms)
========================================================================
Worker process is ready to serve import requests
Import Worker Mode flag is 0x00
Begin MonoManager ReloadAssembly
Symbol file LoadedFromMemory is not a mono symbol file
- Loaded All Assemblies, in  1.373 seconds
Refreshing native plugins compatible for Editor in 4.51 ms, found 4 plugins.
Native extension for WindowsStandalone target not found
Native extension for WebGL target not found
Mono: successfully reloaded assembly
- Finished resetting the current domain, in  1.498 seconds
Domain Reload Profiling: 2866ms
	BeginReloadAssembly (230ms)
		ExecutionOrderSort (0ms)
		DisableScriptedObjects (10ms)
		BackupInstance (0ms)
		ReleaseScriptingObjects (0ms)
		CreateAndSetChildDomain (44ms)
	RebuildCommonClasses (75ms)
	RebuildNativeTypeToScriptingClass (19ms)
	initialDomainReloadingComplete (64ms)
	LoadAllAssembliesAndSetupDomain (980ms)
		LoadAssemblies (588ms)
		RebuildTransferFunctionScriptingTraits (0ms)
		AnalyzeDomain (520ms)
			TypeCache.Refresh (365ms)
				TypeCache.ScanAssembly (334ms)
			BuildScriptInfoCaches (133ms)
			ResolveRequiredComponents (16ms)
	FinalizeReload (1498ms)
		ReleaseScriptCaches (0ms)
		RebuildScriptCaches (0ms)
		SetupLoadedEditorAssemblies (1143ms)
			LogAssemblyErrors (0ms)
			InitializePlatformSupportModulesInManaged (4ms)
			SetLoadedEditorAssemblies (16ms)
			BeforeProcessingInitializeOnLoad (207ms)
			ProcessInitializeOnLoadAttributes (678ms)
			ProcessInitializeOnLoadMethodAttributes (228ms)
			AfterProcessingInitializeOnLoad (10ms)
			EditorAssembliesLoaded (0ms)
		ExecutionOrderSort2 (0ms)
		AwakeInstancesAfterBackupRestoration (12ms)
Launched and connected shader compiler UnityShaderCompiler.exe after 0.02 seconds
Refreshing native plugins compatible for Editor in 3.26 ms, found 4 plugins.
Preloading 0 native plugins for Editor in 0.00 ms.
Unloading 239 Unused Serialized files (Serialized files now loaded: 0)
Unloading 7427 unused Assets / (6.5 MB). Loaded Objects now: 8139.
Memory consumption went from 175.7 MB to 169.2 MB.
Total: 22.675900 ms (FindLiveObjects: 1.118700 ms CreateObjectMapping: 1.476600 ms MarkObjects: 11.479200 ms  DeleteObjects: 8.597200 ms)

========================================================================
Received Import Request.
  Time since last request: 1093477.287501 seconds.
  path: Assets/Audio/Gate/Gate Death.asset
  artifactKey: Guid(890ceac1f2c614443a9643ecae393951) Importer(815301076,1909f56bfc062723c751e8b465ee728b)
Start importing Assets/Audio/Gate/Gate Death.asset using Guid(890ceac1f2c614443a9643ecae393951) Importer(815301076,1909f56bfc062723c751e8b465ee728b) (PreviewImporter) -> (artifact id: '826dfa7764677e54d779b1307ccc4055') in 0.0291807 seconds
Number of updated asset objects reloaded before import = 0Number of asset objects unloaded after import = 1

========================================================================
Received Prepare
Begin MonoManager ReloadAssembly
Symbol file LoadedFromMemory is not a mono symbol file
- Loaded All Assemblies, in  1.316 seconds
Refreshing native plugins compatible for Editor in 2.19 ms, found 4 plugins.
Native extension for WindowsStandalone target not found
Native extension for WebGL target not found
Mono: successfully reloaded assembly
- Finished resetting the current domain, in  1.042 seconds
Domain Reload Profiling: 2361ms
	BeginReloadAssembly (281ms)
		ExecutionOrderSort (0ms)
		DisableScriptedObjects (8ms)
		BackupInstance (0ms)
		ReleaseScriptingObjects (0ms)
		CreateAndSetChildDomain (81ms)
	RebuildCommonClasses (48ms)
	RebuildNativeTypeToScriptingClass (28ms)
	initialDomainReloadingComplete (40ms)
	LoadAllAssembliesAndSetupDomain (921ms)
		LoadAssemblies (453ms)
		RebuildTransferFunctionScriptingTraits (0ms)
		AnalyzeDomain (592ms)
			TypeCache.Refresh (15ms)
				TypeCache.ScanAssembly (3ms)
			BuildScriptInfoCaches (548ms)
			ResolveRequiredComponents (21ms)
	FinalizeReload (1043ms)
		ReleaseScriptCaches (0ms)
		RebuildScriptCaches (0ms)
		SetupLoadedEditorAssemblies (736ms)
			LogAssemblyErrors (0ms)
			InitializePlatformSupportModulesInManaged (4ms)
			SetLoadedEditorAssemblies (7ms)
			BeforeProcessingInitializeOnLoad (187ms)
			ProcessInitializeOnLoadAttributes (434ms)
			ProcessInitializeOnLoadMethodAttributes (99ms)
			AfterProcessingInitializeOnLoad (5ms)
			EditorAssembliesLoaded (0ms)
		ExecutionOrderSort2 (0ms)
		AwakeInstancesAfterBackupRestoration (19ms)
Refreshing native plugins compatible for Editor in 1.50 ms, found 4 plugins.
Preloading 0 native plugins for Editor in 0.00 ms.
Unloading 39 Unused Serialized files (Serialized files now loaded: 0)
Unloading 7425 unused Assets / (7.0 MB). Loaded Objects now: 8160.
Memory consumption went from 157.5 MB to 150.5 MB.
Total: 12.134800 ms (FindLiveObjects: 1.645300 ms CreateObjectMapping: 0.759500 ms MarkObjects: 5.508800 ms  DeleteObjects: 4.219600 ms)

Prepare: number of updated asset objects reloaded= 0
========================================================================
Received Prepare
Begin MonoManager ReloadAssembly
Symbol file LoadedFromMemory is not a mono symbol file
- Loaded All Assemblies, in  1.425 seconds
Refreshing native plugins compatible for Editor in 3.09 ms, found 4 plugins.
Native extension for WindowsStandalone target not found
Native extension for WebGL target not found
Mono: successfully reloaded assembly
- Finished resetting the current domain, in  1.224 seconds
Domain Reload Profiling: 2647ms
	BeginReloadAssembly (596ms)
		ExecutionOrderSort (0ms)
		DisableScriptedObjects (8ms)
		BackupInstance (0ms)
		ReleaseScriptingObjects (0ms)
		CreateAndSetChildDomain (120ms)
	RebuildCommonClasses (49ms)
	RebuildNativeTypeToScriptingClass (15ms)
	initialDomainReloadingComplete (38ms)
	LoadAllAssembliesAndSetupDomain (724ms)
		LoadAssemblies (485ms)
		RebuildTransferFunctionScriptingTraits (0ms)
		AnalyzeDomain (361ms)
			TypeCache.Refresh (17ms)
				TypeCache.ScanAssembly (3ms)
			BuildScriptInfoCaches (320ms)
			ResolveRequiredComponents (20ms)
	FinalizeReload (1225ms)
		ReleaseScriptCaches (0ms)
		RebuildScriptCaches (0ms)
		SetupLoadedEditorAssemblies (886ms)
			LogAssemblyErrors (0ms)
			InitializePlatformSupportModulesInManaged (4ms)
			SetLoadedEditorAssemblies (8ms)
			BeforeProcessingInitializeOnLoad (221ms)
			ProcessInitializeOnLoadAttributes (544ms)
			ProcessInitializeOnLoadMethodAttributes (102ms)
			AfterProcessingInitializeOnLoad (7ms)
			EditorAssembliesLoaded (0ms)
		ExecutionOrderSort2 (0ms)
		AwakeInstancesAfterBackupRestoration (17ms)
Refreshing native plugins compatible for Editor in 3.26 ms, found 4 plugins.
Preloading 0 native plugins for Editor in 0.00 ms.
Unloading 29 Unused Serialized files (Serialized files now loaded: 0)
Unloading 7425 unused Assets / (7.8 MB). Loaded Objects now: 8165.
Memory consumption went from 155.8 MB to 148.1 MB.
Total: 17.412000 ms (FindLiveObjects: 0.905900 ms CreateObjectMapping: 0.815500 ms MarkObjects: 8.374400 ms  DeleteObjects: 7.314400 ms)

Prepare: number of updated asset objects reloaded= 0
========================================================================
Received Prepare
Begin MonoManager ReloadAssembly
Symbol file LoadedFromMemory is not a mono symbol file
- Loaded All Assemblies, in  1.044 seconds
Refreshing native plugins compatible for Editor in 2.19 ms, found 4 plugins.
Native extension for WindowsStandalone target not found
Native extension for WebGL target not found
Mono: successfully reloaded assembly
- Finished resetting the current domain, in  1.154 seconds
Domain Reload Profiling: 2201ms
	BeginReloadAssembly (252ms)
		ExecutionOrderSort (0ms)
		DisableScriptedObjects (6ms)
		BackupInstance (0ms)
		ReleaseScriptingObjects (0ms)
		CreateAndSetChildDomain (63ms)
	RebuildCommonClasses (51ms)
	RebuildNativeTypeToScriptingClass (22ms)
	initialDomainReloadingComplete (39ms)
	LoadAllAssembliesAndSetupDomain (681ms)
		LoadAssemblies (462ms)
		RebuildTransferFunctionScriptingTraits (0ms)
		AnalyzeDomain (338ms)
			TypeCache.Refresh (13ms)
				TypeCache.ScanAssembly (0ms)
			BuildScriptInfoCaches (301ms)
			ResolveRequiredComponents (18ms)
	FinalizeReload (1155ms)
		ReleaseScriptCaches (0ms)
		RebuildScriptCaches (0ms)
		SetupLoadedEditorAssemblies (860ms)
			LogAssemblyErrors (0ms)
			InitializePlatformSupportModulesInManaged (3ms)
			SetLoadedEditorAssemblies (6ms)
			BeforeProcessingInitializeOnLoad (200ms)
			ProcessInitializeOnLoadAttributes (516ms)
			ProcessInitializeOnLoadMethodAttributes (126ms)
			AfterProcessingInitializeOnLoad (8ms)
			EditorAssembliesLoaded (1ms)
		ExecutionOrderSort2 (0ms)
		AwakeInstancesAfterBackupRestoration (27ms)
Refreshing native plugins compatible for Editor in 4.59 ms, found 4 plugins.
Preloading 0 native plugins for Editor in 0.00 ms.
Unloading 29 Unused Serialized files (Serialized files now loaded: 0)
Unloading 7425 unused Assets / (7.3 MB). Loaded Objects now: 8170.
Memory consumption went from 155.8 MB to 148.5 MB.
Total: 19.759300 ms (FindLiveObjects: 2.965300 ms CreateObjectMapping: 2.068900 ms MarkObjects: 6.852200 ms  DeleteObjects: 7.871000 ms)

Prepare: number of updated asset objects reloaded= 0
========================================================================
Received Prepare
Begin MonoManager ReloadAssembly
Symbol file LoadedFromMemory is not a mono symbol file
- Loaded All Assemblies, in  1.758 seconds
Refreshing native plugins compatible for Editor in 3.36 ms, found 4 plugins.
Native extension for WindowsStandalone target not found
Native extension for WebGL target not found
Mono: successfully reloaded assembly
- Finished resetting the current domain, in  1.123 seconds
Domain Reload Profiling: 2878ms
	BeginReloadAssembly (398ms)
		ExecutionOrderSort (0ms)
		DisableScriptedObjects (13ms)
		BackupInstance (0ms)
		ReleaseScriptingObjects (0ms)
		CreateAndSetChildDomain (117ms)
	RebuildCommonClasses (76ms)
	RebuildNativeTypeToScriptingClass (26ms)
	initialDomainReloadingComplete (66ms)
	LoadAllAssembliesAndSetupDomain (1189ms)
		LoadAssemblies (694ms)
		RebuildTransferFunctionScriptingTraits (0ms)
		AnalyzeDomain (687ms)
			TypeCache.Refresh (19ms)
				TypeCache.ScanAssembly (1ms)
			BuildScriptInfoCaches (630ms)
			ResolveRequiredComponents (30ms)
	FinalizeReload (1123ms)
		ReleaseScriptCaches (0ms)
		RebuildScriptCaches (0ms)
		SetupLoadedEditorAssemblies (750ms)
			LogAssemblyErrors (0ms)
			InitializePlatformSupportModulesInManaged (4ms)
			SetLoadedEditorAssemblies (9ms)
			BeforeProcessingInitializeOnLoad (180ms)
			ProcessInitializeOnLoadAttributes (435ms)
			ProcessInitializeOnLoadMethodAttributes (116ms)
			AfterProcessingInitializeOnLoad (6ms)
			EditorAssembliesLoaded (0ms)
		ExecutionOrderSort2 (0ms)
		AwakeInstancesAfterBackupRestoration (17ms)
Refreshing native plugins compatible for Editor in 1.75 ms, found 4 plugins.
Preloading 0 native plugins for Editor in 0.00 ms.
Unloading 29 Unused Serialized files (Serialized files now loaded: 0)
Unloading 7425 unused Assets / (6.4 MB). Loaded Objects now: 8175.
Memory consumption went from 155.8 MB to 149.4 MB.
Total: 14.366800 ms (FindLiveObjects: 0.940500 ms CreateObjectMapping: 0.848700 ms MarkObjects: 6.260700 ms  DeleteObjects: 6.314900 ms)

Prepare: number of updated asset objects reloaded= 0
========================================================================
Received Prepare
Begin MonoManager ReloadAssembly
Symbol file LoadedFromMemory is not a mono symbol file
- Loaded All Assemblies, in  1.153 seconds
Refreshing native plugins compatible for Editor in 3.27 ms, found 4 plugins.
Native extension for WindowsStandalone target not found
Native extension for WebGL target not found
Mono: successfully reloaded assembly
- Finished resetting the current domain, in  1.206 seconds
Domain Reload Profiling: 2357ms
	BeginReloadAssembly (298ms)
		ExecutionOrderSort (0ms)
		DisableScriptedObjects (10ms)
		BackupInstance (0ms)
		ReleaseScriptingObjects (0ms)
		CreateAndSetChildDomain (89ms)
	RebuildCommonClasses (61ms)
	RebuildNativeTypeToScriptingClass (18ms)
	initialDomainReloadingComplete (44ms)
	LoadAllAssembliesAndSetupDomain (730ms)
		LoadAssemblies (520ms)
		RebuildTransferFunctionScriptingTraits (0ms)
		AnalyzeDomain (345ms)
			TypeCache.Refresh (14ms)
				TypeCache.ScanAssembly (0ms)
			BuildScriptInfoCaches (312ms)
			ResolveRequiredComponents (15ms)
	FinalizeReload (1206ms)
		ReleaseScriptCaches (0ms)
		RebuildScriptCaches (0ms)
		SetupLoadedEditorAssemblies (838ms)
			LogAssemblyErrors (0ms)
			InitializePlatformSupportModulesInManaged (6ms)
			SetLoadedEditorAssemblies (6ms)
			BeforeProcessingInitializeOnLoad (187ms)
			ProcessInitializeOnLoadAttributes (492ms)
			ProcessInitializeOnLoadMethodAttributes (139ms)
			AfterProcessingInitializeOnLoad (8ms)
			EditorAssembliesLoaded (1ms)
		ExecutionOrderSort2 (0ms)
		AwakeInstancesAfterBackupRestoration (33ms)
Refreshing native plugins compatible for Editor in 3.79 ms, found 4 plugins.
Preloading 0 native plugins for Editor in 0.00 ms.
Unloading 29 Unused Serialized files (Serialized files now loaded: 0)
Unloading 7425 unused Assets / (6.7 MB). Loaded Objects now: 8180.
Memory consumption went from 155.8 MB to 149.1 MB.
Total: 33.178200 ms (FindLiveObjects: 3.009200 ms CreateObjectMapping: 2.275100 ms MarkObjects: 13.504700 ms  DeleteObjects: 14.386200 ms)

Prepare: number of updated asset objects reloaded= 0
========================================================================
Received Prepare
Begin MonoManager ReloadAssembly
Symbol file LoadedFromMemory is not a mono symbol file
- Loaded All Assemblies, in  1.163 seconds
Refreshing native plugins compatible for Editor in 4.45 ms, found 4 plugins.
Native extension for WindowsStandalone target not found
Native extension for WebGL target not found
Mono: successfully reloaded assembly
- Finished resetting the current domain, in  1.499 seconds
Domain Reload Profiling: 2672ms
	BeginReloadAssembly (276ms)
		ExecutionOrderSort (0ms)
		DisableScriptedObjects (7ms)
		BackupInstance (0ms)
		ReleaseScriptingObjects (0ms)
		CreateAndSetChildDomain (73ms)
	RebuildCommonClasses (49ms)
	RebuildNativeTypeToScriptingClass (17ms)
	initialDomainReloadingComplete (39ms)
	LoadAllAssembliesAndSetupDomain (792ms)
		LoadAssemblies (498ms)
		RebuildTransferFunctionScriptingTraits (0ms)
		AnalyzeDomain (416ms)
			TypeCache.Refresh (16ms)
				TypeCache.ScanAssembly (1ms)
			BuildScriptInfoCaches (370ms)
			ResolveRequiredComponents (21ms)
	FinalizeReload (1499ms)
		ReleaseScriptCaches (0ms)
		RebuildScriptCaches (0ms)
		SetupLoadedEditorAssemblies (1060ms)
			LogAssemblyErrors (0ms)
			InitializePlatformSupportModulesInManaged (5ms)
			SetLoadedEditorAssemblies (6ms)
			BeforeProcessingInitializeOnLoad (281ms)
			ProcessInitializeOnLoadAttributes (583ms)
			ProcessInitializeOnLoadMethodAttributes (175ms)
			AfterProcessingInitializeOnLoad (9ms)
			EditorAssembliesLoaded (0ms)
		ExecutionOrderSort2 (0ms)
		AwakeInstancesAfterBackupRestoration (35ms)
Refreshing native plugins compatible for Editor in 3.50 ms, found 4 plugins.
Preloading 0 native plugins for Editor in 0.00 ms.
Unloading 29 Unused Serialized files (Serialized files now loaded: 0)
Unloading 7425 unused Assets / (6.5 MB). Loaded Objects now: 8185.
Memory consumption went from 155.8 MB to 149.3 MB.
Total: 24.822100 ms (FindLiveObjects: 1.502300 ms CreateObjectMapping: 2.257000 ms MarkObjects: 9.770800 ms  DeleteObjects: 11.289300 ms)

Prepare: number of updated asset objects reloaded= 0
========================================================================
Received Prepare
Begin MonoManager ReloadAssembly
Symbol file LoadedFromMemory is not a mono symbol file
- Loaded All Assemblies, in  1.207 seconds
Refreshing native plugins compatible for Editor in 2.42 ms, found 4 plugins.
Native extension for WindowsStandalone target not found
Native extension for WebGL target not found
Mono: successfully reloaded assembly
- Finished resetting the current domain, in  1.196 seconds
Domain Reload Profiling: 2403ms
	BeginReloadAssembly (317ms)
		ExecutionOrderSort (0ms)
		DisableScriptedObjects (8ms)
		BackupInstance (0ms)
		ReleaseScriptingObjects (0ms)
		CreateAndSetChildDomain (90ms)
	RebuildCommonClasses (52ms)
	RebuildNativeTypeToScriptingClass (16ms)
	initialDomainReloadingComplete (42ms)
	LoadAllAssembliesAndSetupDomain (780ms)
		LoadAssemblies (532ms)
		RebuildTransferFunctionScriptingTraits (0ms)
		AnalyzeDomain (376ms)
			TypeCache.Refresh (24ms)
				TypeCache.ScanAssembly (2ms)
			BuildScriptInfoCaches (330ms)
			ResolveRequiredComponents (16ms)
	FinalizeReload (1197ms)
		ReleaseScriptCaches (0ms)
		RebuildScriptCaches (0ms)
		SetupLoadedEditorAssemblies (895ms)
			LogAssemblyErrors (0ms)
			InitializePlatformSupportModulesInManaged (4ms)
			SetLoadedEditorAssemblies (7ms)
			BeforeProcessingInitializeOnLoad (278ms)
			ProcessInitializeOnLoadAttributes (483ms)
			ProcessInitializeOnLoadMethodAttributes (117ms)
			AfterProcessingInitializeOnLoad (5ms)
			EditorAssembliesLoaded (0ms)
		ExecutionOrderSort2 (0ms)
		AwakeInstancesAfterBackupRestoration (14ms)
Refreshing native plugins compatible for Editor in 2.09 ms, found 4 plugins.
Preloading 0 native plugins for Editor in 0.00 ms.
Unloading 29 Unused Serialized files (Serialized files now loaded: 0)
Unloading 7425 unused Assets / (8.2 MB). Loaded Objects now: 8190.
Memory consumption went from 155.9 MB to 147.6 MB.
Total: 15.497200 ms (FindLiveObjects: 0.861400 ms CreateObjectMapping: 0.764800 ms MarkObjects: 6.422300 ms  DeleteObjects: 7.446600 ms)

Prepare: number of updated asset objects reloaded= 0
========================================================================
Received Prepare
Begin MonoManager ReloadAssembly
Symbol file LoadedFromMemory is not a mono symbol file
- Loaded All Assemblies, in  1.012 seconds
Refreshing native plugins compatible for Editor in 1.71 ms, found 4 plugins.
Native extension for WindowsStandalone target not found
Native extension for WebGL target not found
Mono: successfully reloaded assembly
- Finished resetting the current domain, in  1.607 seconds
Domain Reload Profiling: 2620ms
	BeginReloadAssembly (245ms)
		ExecutionOrderSort (0ms)
		DisableScriptedObjects (7ms)
		BackupInstance (0ms)
		ReleaseScriptingObjects (0ms)
		CreateAndSetChildDomain (57ms)
	RebuildCommonClasses (51ms)
	RebuildNativeTypeToScriptingClass (23ms)
	initialDomainReloadingComplete (39ms)
	LoadAllAssembliesAndSetupDomain (653ms)
		LoadAssemblies (466ms)
		RebuildTransferFunctionScriptingTraits (0ms)
		AnalyzeDomain (304ms)
			TypeCache.Refresh (11ms)
				TypeCache.ScanAssembly (0ms)
			BuildScriptInfoCaches (275ms)
			ResolveRequiredComponents (14ms)
	FinalizeReload (1607ms)
		ReleaseScriptCaches (0ms)
		RebuildScriptCaches (0ms)
		SetupLoadedEditorAssemblies (955ms)
			LogAssemblyErrors (0ms)
			InitializePlatformSupportModulesInManaged (4ms)
			SetLoadedEditorAssemblies (9ms)
			BeforeProcessingInitializeOnLoad (205ms)
			ProcessInitializeOnLoadAttributes (595ms)
			ProcessInitializeOnLoadMethodAttributes (137ms)
			AfterProcessingInitializeOnLoad (6ms)
			EditorAssembliesLoaded (0ms)
		ExecutionOrderSort2 (0ms)
		AwakeInstancesAfterBackupRestoration (21ms)
Refreshing native plugins compatible for Editor in 2.60 ms, found 4 plugins.
Preloading 0 native plugins for Editor in 0.00 ms.
Unloading 29 Unused Serialized files (Serialized files now loaded: 0)
Unloading 7425 unused Assets / (6.0 MB). Loaded Objects now: 8195.
Memory consumption went from 155.8 MB to 149.8 MB.
Total: 13.055900 ms (FindLiveObjects: 0.873900 ms CreateObjectMapping: 0.839600 ms MarkObjects: 7.000200 ms  DeleteObjects: 4.340400 ms)

Prepare: number of updated asset objects reloaded= 0
========================================================================
Received Prepare
Begin MonoManager ReloadAssembly
Symbol file LoadedFromMemory is not a mono symbol file
- Loaded All Assemblies, in  1.146 seconds
Refreshing native plugins compatible for Editor in 2.11 ms, found 4 plugins.
Native extension for WindowsStandalone target not found
Native extension for WebGL target not found
Mono: successfully reloaded assembly
- Finished resetting the current domain, in  1.170 seconds
Domain Reload Profiling: 2317ms
	BeginReloadAssembly (294ms)
		ExecutionOrderSort (0ms)
		DisableScriptedObjects (9ms)
		BackupInstance (0ms)
		ReleaseScriptingObjects (0ms)
		CreateAndSetChildDomain (77ms)
	RebuildCommonClasses (53ms)
	RebuildNativeTypeToScriptingClass (21ms)
	initialDomainReloadingComplete (50ms)
	LoadAllAssembliesAndSetupDomain (727ms)
		LoadAssemblies (512ms)
		RebuildTransferFunctionScriptingTraits (0ms)
		AnalyzeDomain (351ms)
			TypeCache.Refresh (16ms)
				TypeCache.ScanAssembly (1ms)
			BuildScriptInfoCaches (316ms)
			ResolveRequiredComponents (13ms)
	FinalizeReload (1171ms)
		ReleaseScriptCaches (0ms)
		RebuildScriptCaches (0ms)
		SetupLoadedEditorAssemblies (861ms)
			LogAssemblyErrors (0ms)
			InitializePlatformSupportModulesInManaged (5ms)
			SetLoadedEditorAssemblies (8ms)
			BeforeProcessingInitializeOnLoad (233ms)
			ProcessInitializeOnLoadAttributes (501ms)
			ProcessInitializeOnLoadMethodAttributes (107ms)
			AfterProcessingInitializeOnLoad (7ms)
			EditorAssembliesLoaded (0ms)
		ExecutionOrderSort2 (0ms)
		AwakeInstancesAfterBackupRestoration (28ms)
Refreshing native plugins compatible for Editor in 2.83 ms, found 4 plugins.
Preloading 0 native plugins for Editor in 0.00 ms.
Unloading 29 Unused Serialized files (Serialized files now loaded: 0)
Unloading 7425 unused Assets / (7.1 MB). Loaded Objects now: 8200.
Memory consumption went from 155.9 MB to 148.8 MB.
Total: 17.169800 ms (FindLiveObjects: 0.877600 ms CreateObjectMapping: 0.974100 ms MarkObjects: 8.837800 ms  DeleteObjects: 6.478000 ms)

Prepare: number of updated asset objects reloaded= 0
========================================================================
Received Prepare
Begin MonoManager ReloadAssembly
Symbol file LoadedFromMemory is not a mono symbol file
- Loaded All Assemblies, in  1.038 seconds
Refreshing native plugins compatible for Editor in 2.18 ms, found 4 plugins.
Native extension for WindowsStandalone target not found
Native extension for WebGL target not found
Mono: successfully reloaded assembly
- Finished resetting the current domain, in  1.185 seconds
Domain Reload Profiling: 2222ms
	BeginReloadAssembly (256ms)
		ExecutionOrderSort (0ms)
		DisableScriptedObjects (6ms)
		BackupInstance (0ms)
		ReleaseScriptingObjects (0ms)
		CreateAndSetChildDomain (74ms)
	RebuildCommonClasses (42ms)
	RebuildNativeTypeToScriptingClass (16ms)
	initialDomainReloadingComplete (41ms)
	LoadAllAssembliesAndSetupDomain (682ms)
		LoadAssemblies (468ms)
		RebuildTransferFunctionScriptingTraits (0ms)
		AnalyzeDomain (330ms)
			TypeCache.Refresh (16ms)
				TypeCache.ScanAssembly (1ms)
			BuildScriptInfoCaches (295ms)
			ResolveRequiredComponents (14ms)
	FinalizeReload (1185ms)
		ReleaseScriptCaches (0ms)
		RebuildScriptCaches (0ms)
		SetupLoadedEditorAssemblies (914ms)
			LogAssemblyErrors (0ms)
			InitializePlatformSupportModulesInManaged (10ms)
			SetLoadedEditorAssemblies (9ms)
			BeforeProcessingInitializeOnLoad (221ms)
			ProcessInitializeOnLoadAttributes (528ms)
			ProcessInitializeOnLoadMethodAttributes (140ms)
			AfterProcessingInitializeOnLoad (7ms)
			EditorAssembliesLoaded (0ms)
		ExecutionOrderSort2 (0ms)
		AwakeInstancesAfterBackupRestoration (19ms)
Refreshing native plugins compatible for Editor in 3.04 ms, found 4 plugins.
Preloading 0 native plugins for Editor in 0.00 ms.
Unloading 29 Unused Serialized files (Serialized files now loaded: 0)
Unloading 7425 unused Assets / (6.7 MB). Loaded Objects now: 8205.
Memory consumption went from 155.8 MB to 149.1 MB.
Total: 76.505600 ms (FindLiveObjects: 1.608500 ms CreateObjectMapping: 3.296300 ms MarkObjects: 64.403200 ms  DeleteObjects: 7.195000 ms)

Prepare: number of updated asset objects reloaded= 0
========================================================================
Received Prepare
Begin MonoManager ReloadAssembly
Symbol file LoadedFromMemory is not a mono symbol file
- Loaded All Assemblies, in  1.129 seconds
Refreshing native plugins compatible for Editor in 2.15 ms, found 4 plugins.
Native extension for WindowsStandalone target not found
Native extension for WebGL target not found
Mono: successfully reloaded assembly
- Finished resetting the current domain, in  1.285 seconds
Domain Reload Profiling: 2414ms
	BeginReloadAssembly (265ms)
		ExecutionOrderSort (0ms)
		DisableScriptedObjects (7ms)
		BackupInstance (0ms)
		ReleaseScriptingObjects (0ms)
		CreateAndSetChildDomain (59ms)
	RebuildCommonClasses (53ms)
	RebuildNativeTypeToScriptingClass (23ms)
	initialDomainReloadingComplete (42ms)
	LoadAllAssembliesAndSetupDomain (745ms)
		LoadAssemblies (545ms)
		RebuildTransferFunctionScriptingTraits (0ms)
		AnalyzeDomain (336ms)
			TypeCache.Refresh (14ms)
				TypeCache.ScanAssembly (0ms)
			BuildScriptInfoCaches (298ms)
			ResolveRequiredComponents (18ms)
	FinalizeReload (1285ms)
		ReleaseScriptCaches (0ms)
		RebuildScriptCaches (0ms)
		SetupLoadedEditorAssemblies (967ms)
			LogAssemblyErrors (0ms)
			InitializePlatformSupportModulesInManaged (3ms)
			SetLoadedEditorAssemblies (7ms)
			BeforeProcessingInitializeOnLoad (245ms)
			ProcessInitializeOnLoadAttributes (587ms)
			ProcessInitializeOnLoadMethodAttributes (118ms)
			AfterProcessingInitializeOnLoad (6ms)
			EditorAssembliesLoaded (0ms)
		ExecutionOrderSort2 (0ms)
		AwakeInstancesAfterBackupRestoration (19ms)
Refreshing native plugins compatible for Editor in 1.86 ms, found 4 plugins.
Preloading 0 native plugins for Editor in 0.00 ms.
Unloading 29 Unused Serialized files (Serialized files now loaded: 0)
Unloading 7425 unused Assets / (8.7 MB). Loaded Objects now: 8210.
Memory consumption went from 155.9 MB to 147.2 MB.
Total: 17.483600 ms (FindLiveObjects: 0.870900 ms CreateObjectMapping: 0.897100 ms MarkObjects: 7.903200 ms  DeleteObjects: 7.810700 ms)

Prepare: number of updated asset objects reloaded= 0
========================================================================
Received Prepare
Refreshing native plugins compatible for Editor in 4.40 ms, found 4 plugins.
Preloading 0 native plugins for Editor in 0.00 ms.
Unloading 29 Unused Serialized files (Serialized files now loaded: 0)
Unloading 7414 unused Assets / (5.2 MB). Loaded Objects now: 8210.
Memory consumption went from 156.0 MB to 150.8 MB.
Total: 24.531200 ms (FindLiveObjects: 1.376700 ms CreateObjectMapping: 1.951500 ms MarkObjects: 12.771600 ms  DeleteObjects: 8.429600 ms)

Prepare: number of updated asset objects reloaded= 0
========================================================================
Received Prepare
Begin MonoManager ReloadAssembly
Symbol file LoadedFromMemory is not a mono symbol file
- Loaded All Assemblies, in  1.162 seconds
Refreshing native plugins compatible for Editor in 3.53 ms, found 4 plugins.
Native extension for WindowsStandalone target not found
Native extension for WebGL target not found
Mono: successfully reloaded assembly
- Finished resetting the current domain, in  1.782 seconds
Domain Reload Profiling: 2945ms
	BeginReloadAssembly (311ms)
		ExecutionOrderSort (0ms)
		DisableScriptedObjects (11ms)
		BackupInstance (0ms)
		ReleaseScriptingObjects (0ms)
		CreateAndSetChildDomain (75ms)
	RebuildCommonClasses (69ms)
	RebuildNativeTypeToScriptingClass (21ms)
	initialDomainReloadingComplete (44ms)
	LoadAllAssembliesAndSetupDomain (717ms)
		LoadAssemblies (541ms)
		RebuildTransferFunctionScriptingTraits (0ms)
		AnalyzeDomain (332ms)
			TypeCache.Refresh (18ms)
				TypeCache.ScanAssembly (2ms)
			BuildScriptInfoCaches (289ms)
			ResolveRequiredComponents (19ms)
	FinalizeReload (1783ms)
		ReleaseScriptCaches (0ms)
		RebuildScriptCaches (0ms)
		SetupLoadedEditorAssemblies (1434ms)
			LogAssemblyErrors (0ms)
			InitializePlatformSupportModulesInManaged (5ms)
			SetLoadedEditorAssemblies (81ms)
			BeforeProcessingInitializeOnLoad (319ms)
			ProcessInitializeOnLoadAttributes (819ms)
			ProcessInitializeOnLoadMethodAttributes (199ms)
			AfterProcessingInitializeOnLoad (10ms)
			EditorAssembliesLoaded (1ms)
		ExecutionOrderSort2 (0ms)
		AwakeInstancesAfterBackupRestoration (29ms)
Refreshing native plugins compatible for Editor in 2.93 ms, found 4 plugins.
Preloading 0 native plugins for Editor in 0.00 ms.
Unloading 29 Unused Serialized files (Serialized files now loaded: 0)
Unloading 7425 unused Assets / (7.1 MB). Loaded Objects now: 8215.
Memory consumption went from 155.9 MB to 148.8 MB.
Total: 16.497300 ms (FindLiveObjects: 0.946800 ms CreateObjectMapping: 1.284900 ms MarkObjects: 6.980200 ms  DeleteObjects: 7.282800 ms)

Prepare: number of updated asset objects reloaded= 0
========================================================================
Received Prepare
Begin MonoManager ReloadAssembly
Symbol file LoadedFromMemory is not a mono symbol file
- Loaded All Assemblies, in  1.181 seconds
Refreshing native plugins compatible for Editor in 2.78 ms, found 4 plugins.
Native extension for WindowsStandalone target not found
Native extension for WebGL target not found
Mono: successfully reloaded assembly
- Finished resetting the current domain, in  1.354 seconds
Domain Reload Profiling: 2534ms
	BeginReloadAssembly (314ms)
		ExecutionOrderSort (0ms)
		DisableScriptedObjects (9ms)
		BackupInstance (0ms)
		ReleaseScriptingObjects (0ms)
		CreateAndSetChildDomain (86ms)
	RebuildCommonClasses (55ms)
	RebuildNativeTypeToScriptingClass (19ms)
	initialDomainReloadingComplete (40ms)
	LoadAllAssembliesAndSetupDomain (751ms)
		LoadAssemblies (536ms)
		RebuildTransferFunctionScriptingTraits (0ms)
		AnalyzeDomain (365ms)
			TypeCache.Refresh (17ms)
				TypeCache.ScanAssembly (1ms)
			BuildScriptInfoCaches (321ms)
			ResolveRequiredComponents (23ms)
	FinalizeReload (1355ms)
		ReleaseScriptCaches (0ms)
		RebuildScriptCaches (0ms)
		SetupLoadedEditorAssemblies (1025ms)
			LogAssemblyErrors (0ms)
			InitializePlatformSupportModulesInManaged (4ms)
			SetLoadedEditorAssemblies (5ms)
			BeforeProcessingInitializeOnLoad (203ms)
			ProcessInitializeOnLoadAttributes (677ms)
			ProcessInitializeOnLoadMethodAttributes (129ms)
			AfterProcessingInitializeOnLoad (7ms)
			EditorAssembliesLoaded (0ms)
		ExecutionOrderSort2 (0ms)
		AwakeInstancesAfterBackupRestoration (22ms)
Refreshing native plugins compatible for Editor in 5.46 ms, found 4 plugins.
Preloading 0 native plugins for Editor in 0.00 ms.
Unloading 29 Unused Serialized files (Serialized files now loaded: 0)
Unloading 7425 unused Assets / (6.7 MB). Loaded Objects now: 8220.
Memory consumption went from 155.9 MB to 149.2 MB.
Total: 20.304000 ms (FindLiveObjects: 1.830200 ms CreateObjectMapping: 1.998300 ms MarkObjects: 8.584100 ms  DeleteObjects: 7.888600 ms)

Prepare: number of updated asset objects reloaded= 0
========================================================================
Received Prepare
Begin MonoManager ReloadAssembly
Symbol file LoadedFromMemory is not a mono symbol file
- Loaded All Assemblies, in  1.072 seconds
Refreshing native plugins compatible for Editor in 3.32 ms, found 4 plugins.
Native extension for WindowsStandalone target not found
Native extension for WebGL target not found
Mono: successfully reloaded assembly
- Finished resetting the current domain, in  1.158 seconds
Domain Reload Profiling: 2230ms
	BeginReloadAssembly (273ms)
		ExecutionOrderSort (0ms)
		DisableScriptedObjects (9ms)
		BackupInstance (0ms)
		ReleaseScriptingObjects (0ms)
		CreateAndSetChildDomain (61ms)
	RebuildCommonClasses (63ms)
	RebuildNativeTypeToScriptingClass (25ms)
	initialDomainReloadingComplete (45ms)
	LoadAllAssembliesAndSetupDomain (666ms)
		LoadAssemblies (490ms)
		RebuildTransferFunctionScriptingTraits (0ms)
		AnalyzeDomain (310ms)
			TypeCache.Refresh (13ms)
				TypeCache.ScanAssembly (0ms)
			BuildScriptInfoCaches (279ms)
			ResolveRequiredComponents (13ms)
	FinalizeReload (1158ms)
		ReleaseScriptCaches (0ms)
		RebuildScriptCaches (0ms)
		SetupLoadedEditorAssemblies (876ms)
			LogAssemblyErrors (0ms)
			InitializePlatformSupportModulesInManaged (4ms)
			SetLoadedEditorAssemblies (8ms)
			BeforeProcessingInitializeOnLoad (220ms)
			ProcessInitializeOnLoadAttributes (509ms)
			ProcessInitializeOnLoadMethodAttributes (126ms)
			AfterProcessingInitializeOnLoad (8ms)
			EditorAssembliesLoaded (0ms)
		ExecutionOrderSort2 (0ms)
		AwakeInstancesAfterBackupRestoration (24ms)
Refreshing native plugins compatible for Editor in 1.77 ms, found 4 plugins.
Preloading 0 native plugins for Editor in 0.00 ms.
Unloading 29 Unused Serialized files (Serialized files now loaded: 0)
Unloading 7425 unused Assets / (5.8 MB). Loaded Objects now: 8225.
Memory consumption went from 155.9 MB to 150.1 MB.
Total: 14.179000 ms (FindLiveObjects: 1.187200 ms CreateObjectMapping: 1.395600 ms MarkObjects: 6.247900 ms  DeleteObjects: 5.346400 ms)

Prepare: number of updated asset objects reloaded= 0
========================================================================
Received Prepare
Begin MonoManager ReloadAssembly
Symbol file LoadedFromMemory is not a mono symbol file
- Loaded All Assemblies, in  1.289 seconds
Refreshing native plugins compatible for Editor in 3.24 ms, found 4 plugins.
Native extension for WindowsStandalone target not found
Native extension for WebGL target not found
Mono: successfully reloaded assembly
- Finished resetting the current domain, in  1.229 seconds
Domain Reload Profiling: 2516ms
	BeginReloadAssembly (301ms)
		ExecutionOrderSort (0ms)
		DisableScriptedObjects (11ms)
		BackupInstance (0ms)
		ReleaseScriptingObjects (0ms)
		CreateAndSetChildDomain (72ms)
	RebuildCommonClasses (78ms)
	RebuildNativeTypeToScriptingClass (30ms)
	initialDomainReloadingComplete (63ms)
	LoadAllAssembliesAndSetupDomain (815ms)
		LoadAssemblies (633ms)
		RebuildTransferFunctionScriptingTraits (0ms)
		AnalyzeDomain (328ms)
			TypeCache.Refresh (11ms)
				TypeCache.ScanAssembly (0ms)
			BuildScriptInfoCaches (295ms)
			ResolveRequiredComponents (16ms)
	FinalizeReload (1230ms)
		ReleaseScriptCaches (0ms)
		RebuildScriptCaches (0ms)
		SetupLoadedEditorAssemblies (921ms)
			LogAssemblyErrors (0ms)
			InitializePlatformSupportModulesInManaged (4ms)
			SetLoadedEditorAssemblies (7ms)
			BeforeProcessingInitializeOnLoad (204ms)
			ProcessInitializeOnLoadAttributes (523ms)
			ProcessInitializeOnLoadMethodAttributes (175ms)
			AfterProcessingInitializeOnLoad (8ms)
			EditorAssembliesLoaded (1ms)
		ExecutionOrderSort2 (0ms)
		AwakeInstancesAfterBackupRestoration (30ms)
Refreshing native plugins compatible for Editor in 2.82 ms, found 4 plugins.
Preloading 0 native plugins for Editor in 0.00 ms.
Unloading 29 Unused Serialized files (Serialized files now loaded: 0)
Unloading 7425 unused Assets / (5.5 MB). Loaded Objects now: 8230.
Memory consumption went from 155.8 MB to 150.3 MB.
Total: 27.184700 ms (FindLiveObjects: 1.284000 ms CreateObjectMapping: 1.376400 ms MarkObjects: 13.344000 ms  DeleteObjects: 11.177000 ms)

Prepare: number of updated asset objects reloaded= 0
========================================================================
Received Prepare
Begin MonoManager ReloadAssembly
Symbol file LoadedFromMemory is not a mono symbol file
- Loaded All Assemblies, in  1.470 seconds
Refreshing native plugins compatible for Editor in 2.96 ms, found 4 plugins.
Native extension for WindowsStandalone target not found
Native extension for WebGL target not found
Mono: successfully reloaded assembly
- Finished resetting the current domain, in  1.223 seconds
Domain Reload Profiling: 2694ms
	BeginReloadAssembly (286ms)
		ExecutionOrderSort (0ms)
		DisableScriptedObjects (7ms)
		BackupInstance (0ms)
		ReleaseScriptingObjects (0ms)
		CreateAndSetChildDomain (72ms)
	RebuildCommonClasses (121ms)
	RebuildNativeTypeToScriptingClass (99ms)
	initialDomainReloadingComplete (119ms)
	LoadAllAssembliesAndSetupDomain (846ms)
		LoadAssemblies (639ms)
		RebuildTransferFunctionScriptingTraits (0ms)
		AnalyzeDomain (351ms)
			TypeCache.Refresh (16ms)
				TypeCache.ScanAssembly (1ms)
			BuildScriptInfoCaches (315ms)
			ResolveRequiredComponents (15ms)
	FinalizeReload (1224ms)
		ReleaseScriptCaches (0ms)
		RebuildScriptCaches (0ms)
		SetupLoadedEditorAssemblies (888ms)
			LogAssemblyErrors (0ms)
			InitializePlatformSupportModulesInManaged (4ms)
			SetLoadedEditorAssemblies (7ms)
			BeforeProcessingInitializeOnLoad (225ms)
			ProcessInitializeOnLoadAttributes (519ms)
			ProcessInitializeOnLoadMethodAttributes (126ms)
			AfterProcessingInitializeOnLoad (7ms)
			EditorAssembliesLoaded (0ms)
		ExecutionOrderSort2 (0ms)
		AwakeInstancesAfterBackupRestoration (20ms)
Refreshing native plugins compatible for Editor in 2.98 ms, found 4 plugins.
Preloading 0 native plugins for Editor in 0.00 ms.
Unloading 29 Unused Serialized files (Serialized files now loaded: 0)
Unloading 7425 unused Assets / (6.9 MB). Loaded Objects now: 8235.
Memory consumption went from 155.9 MB to 149.0 MB.
Total: 17.138700 ms (FindLiveObjects: 1.058800 ms CreateObjectMapping: 1.333300 ms MarkObjects: 8.322100 ms  DeleteObjects: 6.422200 ms)

Prepare: number of updated asset objects reloaded= 0
========================================================================
Received Prepare
Begin MonoManager ReloadAssembly
Symbol file LoadedFromMemory is not a mono symbol file
- Loaded All Assemblies, in  1.303 seconds
Refreshing native plugins compatible for Editor in 2.48 ms, found 4 plugins.
Native extension for WindowsStandalone target not found
Native extension for WebGL target not found
Mono: successfully reloaded assembly
- Finished resetting the current domain, in  1.336 seconds
Domain Reload Profiling: 2641ms
	BeginReloadAssembly (354ms)
		ExecutionOrderSort (0ms)
		DisableScriptedObjects (13ms)
		BackupInstance (0ms)
		ReleaseScriptingObjects (0ms)
		CreateAndSetChildDomain (104ms)
	RebuildCommonClasses (68ms)
	RebuildNativeTypeToScriptingClass (18ms)
	initialDomainReloadingComplete (45ms)
	LoadAllAssembliesAndSetupDomain (819ms)
		LoadAssemblies (569ms)
		RebuildTransferFunctionScriptingTraits (0ms)
		AnalyzeDomain (408ms)
			TypeCache.Refresh (20ms)
				TypeCache.ScanAssembly (4ms)
			BuildScriptInfoCaches (363ms)
			ResolveRequiredComponents (17ms)
	FinalizeReload (1337ms)
		ReleaseScriptCaches (0ms)
		RebuildScriptCaches (0ms)
		SetupLoadedEditorAssemblies (987ms)
			LogAssemblyErrors (0ms)
			InitializePlatformSupportModulesInManaged (5ms)
			SetLoadedEditorAssemblies (9ms)
			BeforeProcessingInitializeOnLoad (249ms)
			ProcessInitializeOnLoadAttributes (594ms)
			ProcessInitializeOnLoadMethodAttributes (122ms)
			AfterProcessingInitializeOnLoad (7ms)
			EditorAssembliesLoaded (1ms)
		ExecutionOrderSort2 (0ms)
		AwakeInstancesAfterBackupRestoration (17ms)
Refreshing native plugins compatible for Editor in 3.25 ms, found 4 plugins.
Preloading 0 native plugins for Editor in 0.00 ms.
Unloading 29 Unused Serialized files (Serialized files now loaded: 0)
Unloading 7425 unused Assets / (7.0 MB). Loaded Objects now: 8240.
Memory consumption went from 155.9 MB to 148.9 MB.
Total: 48.763300 ms (FindLiveObjects: 7.989700 ms CreateObjectMapping: 17.085200 ms MarkObjects: 15.239100 ms  DeleteObjects: 8.445800 ms)

Prepare: number of updated asset objects reloaded= 0
========================================================================
Received Prepare
Begin MonoManager ReloadAssembly
Symbol file LoadedFromMemory is not a mono symbol file
- Loaded All Assemblies, in  1.080 seconds
Refreshing native plugins compatible for Editor in 2.63 ms, found 4 plugins.
Native extension for WindowsStandalone target not found
Native extension for WebGL target not found
Mono: successfully reloaded assembly
- Finished resetting the current domain, in  1.192 seconds
Domain Reload Profiling: 2271ms
	BeginReloadAssembly (270ms)
		ExecutionOrderSort (0ms)
		DisableScriptedObjects (8ms)
		BackupInstance (0ms)
		ReleaseScriptingObjects (0ms)
		CreateAndSetChildDomain (59ms)
	RebuildCommonClasses (54ms)
	RebuildNativeTypeToScriptingClass (25ms)
	initialDomainReloadingComplete (43ms)
	LoadAllAssembliesAndSetupDomain (685ms)
		LoadAssemblies (465ms)
		RebuildTransferFunctionScriptingTraits (0ms)
		AnalyzeDomain (355ms)
			TypeCache.Refresh (11ms)
				TypeCache.ScanAssembly (0ms)
			BuildScriptInfoCaches (323ms)
			ResolveRequiredComponents (16ms)
	FinalizeReload (1193ms)
		ReleaseScriptCaches (0ms)
		RebuildScriptCaches (0ms)
		SetupLoadedEditorAssemblies (906ms)
			LogAssemblyErrors (0ms)
			InitializePlatformSupportModulesInManaged (3ms)
			SetLoadedEditorAssemblies (7ms)
			BeforeProcessingInitializeOnLoad (187ms)
			ProcessInitializeOnLoadAttributes (571ms)
			ProcessInitializeOnLoadMethodAttributes (131ms)
			AfterProcessingInitializeOnLoad (7ms)
			EditorAssembliesLoaded (0ms)
		ExecutionOrderSort2 (0ms)
		AwakeInstancesAfterBackupRestoration (20ms)
Refreshing native plugins compatible for Editor in 3.19 ms, found 4 plugins.
Preloading 0 native plugins for Editor in 0.00 ms.
Unloading 29 Unused Serialized files (Serialized files now loaded: 0)
Unloading 7425 unused Assets / (7.5 MB). Loaded Objects now: 8245.
Memory consumption went from 155.9 MB to 148.4 MB.
Total: 20.679000 ms (FindLiveObjects: 1.281100 ms CreateObjectMapping: 1.418900 ms MarkObjects: 9.815300 ms  DeleteObjects: 8.161700 ms)

Prepare: number of updated asset objects reloaded= 0
========================================================================
Received Prepare
Begin MonoManager ReloadAssembly
Symbol file LoadedFromMemory is not a mono symbol file
- Loaded All Assemblies, in  1.023 seconds
Refreshing native plugins compatible for Editor in 1.87 ms, found 4 plugins.
Native extension for WindowsStandalone target not found
Native extension for WebGL target not found
Mono: successfully reloaded assembly
- Finished resetting the current domain, in  1.330 seconds
Domain Reload Profiling: 2355ms
	BeginReloadAssembly (256ms)
		ExecutionOrderSort (0ms)
		DisableScriptedObjects (9ms)
		BackupInstance (0ms)
		ReleaseScriptingObjects (0ms)
		CreateAndSetChildDomain (75ms)
	RebuildCommonClasses (42ms)
	RebuildNativeTypeToScriptingClass (14ms)
	initialDomainReloadingComplete (39ms)
	LoadAllAssembliesAndSetupDomain (673ms)
		LoadAssemblies (465ms)
		RebuildTransferFunctionScriptingTraits (0ms)
		AnalyzeDomain (315ms)
			TypeCache.Refresh (16ms)
				TypeCache.ScanAssembly (2ms)
			BuildScriptInfoCaches (275ms)
			ResolveRequiredComponents (19ms)
	FinalizeReload (1331ms)
		ReleaseScriptCaches (0ms)
		RebuildScriptCaches (0ms)
		SetupLoadedEditorAssemblies (960ms)
			LogAssemblyErrors (0ms)
			InitializePlatformSupportModulesInManaged (4ms)
			SetLoadedEditorAssemblies (7ms)
			BeforeProcessingInitializeOnLoad (201ms)
			ProcessInitializeOnLoadAttributes (524ms)
			ProcessInitializeOnLoadMethodAttributes (213ms)
			AfterProcessingInitializeOnLoad (11ms)
			EditorAssembliesLoaded (1ms)
		ExecutionOrderSort2 (0ms)
		AwakeInstancesAfterBackupRestoration (41ms)
Refreshing native plugins compatible for Editor in 2.19 ms, found 4 plugins.
Preloading 0 native plugins for Editor in 0.00 ms.
Unloading 29 Unused Serialized files (Serialized files now loaded: 0)
Unloading 7425 unused Assets / (7.8 MB). Loaded Objects now: 8250.
Memory consumption went from 155.9 MB to 148.1 MB.
Total: 16.198800 ms (FindLiveObjects: 0.904700 ms CreateObjectMapping: 0.979100 ms MarkObjects: 6.973900 ms  DeleteObjects: 7.339200 ms)

Prepare: number of updated asset objects reloaded= 0
========================================================================
Received Prepare
Begin MonoManager ReloadAssembly
Symbol file LoadedFromMemory is not a mono symbol file
- Loaded All Assemblies, in  1.006 seconds
Refreshing native plugins compatible for Editor in 2.56 ms, found 4 plugins.
Native extension for WindowsStandalone target not found
Native extension for WebGL target not found
Mono: successfully reloaded assembly
- Finished resetting the current domain, in  1.196 seconds
Domain Reload Profiling: 2202ms
	BeginReloadAssembly (250ms)
		ExecutionOrderSort (0ms)
		DisableScriptedObjects (7ms)
		BackupInstance (0ms)
		ReleaseScriptingObjects (0ms)
		CreateAndSetChildDomain (59ms)
	RebuildCommonClasses (74ms)
	RebuildNativeTypeToScriptingClass (16ms)
	initialDomainReloadingComplete (42ms)
	LoadAllAssembliesAndSetupDomain (624ms)
		LoadAssemblies (457ms)
		RebuildTransferFunctionScriptingTraits (0ms)
		AnalyzeDomain (288ms)
			TypeCache.Refresh (11ms)
				TypeCache.ScanAssembly (0ms)
			BuildScriptInfoCaches (255ms)
			ResolveRequiredComponents (17ms)
	FinalizeReload (1197ms)
		ReleaseScriptCaches (0ms)
		RebuildScriptCaches (0ms)
		SetupLoadedEditorAssemblies (927ms)
			LogAssemblyErrors (0ms)
			InitializePlatformSupportModulesInManaged (3ms)
			SetLoadedEditorAssemblies (6ms)
			BeforeProcessingInitializeOnLoad (175ms)
			ProcessInitializeOnLoadAttributes (609ms)
			ProcessInitializeOnLoadMethodAttributes (127ms)
			AfterProcessingInitializeOnLoad (8ms)
			EditorAssembliesLoaded (0ms)
		ExecutionOrderSort2 (0ms)
		AwakeInstancesAfterBackupRestoration (21ms)
Refreshing native plugins compatible for Editor in 2.53 ms, found 4 plugins.
Preloading 0 native plugins for Editor in 0.00 ms.
Unloading 29 Unused Serialized files (Serialized files now loaded: 0)
Unloading 7425 unused Assets / (6.2 MB). Loaded Objects now: 8255.
Memory consumption went from 155.9 MB to 149.6 MB.
Total: 21.682600 ms (FindLiveObjects: 1.275800 ms CreateObjectMapping: 1.424100 ms MarkObjects: 8.533200 ms  DeleteObjects: 10.447000 ms)

Prepare: number of updated asset objects reloaded= 0
========================================================================
Received Prepare
Begin MonoManager ReloadAssembly
Symbol file LoadedFromMemory is not a mono symbol file
- Loaded All Assemblies, in  2.411 seconds
Refreshing native plugins compatible for Editor in 4.89 ms, found 4 plugins.
Native extension for WindowsStandalone target not found
Native extension for WebGL target not found
Mono: successfully reloaded assembly
- Finished resetting the current domain, in  1.529 seconds
Domain Reload Profiling: 3953ms
	BeginReloadAssembly (519ms)
		ExecutionOrderSort (0ms)
		DisableScriptedObjects (40ms)
		BackupInstance (0ms)
		ReleaseScriptingObjects (1ms)
		CreateAndSetChildDomain (179ms)
	RebuildCommonClasses (60ms)
	RebuildNativeTypeToScriptingClass (17ms)
	initialDomainReloadingComplete (43ms)
	LoadAllAssembliesAndSetupDomain (1784ms)
		LoadAssemblies (954ms)
		RebuildTransferFunctionScriptingTraits (0ms)
		AnalyzeDomain (984ms)
			TypeCache.Refresh (32ms)
				TypeCache.ScanAssembly (3ms)
			BuildScriptInfoCaches (905ms)
			ResolveRequiredComponents (31ms)
	FinalizeReload (1530ms)
		ReleaseScriptCaches (0ms)
		RebuildScriptCaches (0ms)
		SetupLoadedEditorAssemblies (1032ms)
			LogAssemblyErrors (0ms)
			InitializePlatformSupportModulesInManaged (6ms)
			SetLoadedEditorAssemblies (8ms)
			BeforeProcessingInitializeOnLoad (260ms)
			ProcessInitializeOnLoadAttributes (620ms)
			ProcessInitializeOnLoadMethodAttributes (130ms)
			AfterProcessingInitializeOnLoad (8ms)
			EditorAssembliesLoaded (1ms)
		ExecutionOrderSort2 (0ms)
		AwakeInstancesAfterBackupRestoration (22ms)
Refreshing native plugins compatible for Editor in 3.42 ms, found 4 plugins.
Preloading 0 native plugins for Editor in 0.00 ms.
Unloading 29 Unused Serialized files (Serialized files now loaded: 0)
Unloading 7425 unused Assets / (6.7 MB). Loaded Objects now: 8260.
Memory consumption went from 155.9 MB to 149.2 MB.
Total: 35.631800 ms (FindLiveObjects: 2.011000 ms CreateObjectMapping: 1.350600 ms MarkObjects: 21.228000 ms  DeleteObjects: 11.036500 ms)

Prepare: number of updated asset objects reloaded= 0
========================================================================
Received Prepare
Begin MonoManager ReloadAssembly
Symbol file LoadedFromMemory is not a mono symbol file
- Loaded All Assemblies, in  1.272 seconds
Refreshing native plugins compatible for Editor in 2.24 ms, found 4 plugins.
Native extension for WindowsStandalone target not found
Native extension for WebGL target not found
Mono: successfully reloaded assembly
- Finished resetting the current domain, in  1.432 seconds
Domain Reload Profiling: 2705ms
	BeginReloadAssembly (322ms)
		ExecutionOrderSort (0ms)
		DisableScriptedObjects (10ms)
		BackupInstance (0ms)
		ReleaseScriptingObjects (0ms)
		CreateAndSetChildDomain (95ms)
	RebuildCommonClasses (58ms)
	RebuildNativeTypeToScriptingClass (19ms)
	initialDomainReloadingComplete (36ms)
	LoadAllAssembliesAndSetupDomain (838ms)
		LoadAssemblies (570ms)
		RebuildTransferFunctionScriptingTraits (0ms)
		AnalyzeDomain (410ms)
			TypeCache.Refresh (17ms)
				TypeCache.ScanAssembly (0ms)
			BuildScriptInfoCaches (372ms)
			ResolveRequiredComponents (16ms)
	FinalizeReload (1433ms)
		ReleaseScriptCaches (0ms)
		RebuildScriptCaches (0ms)
		SetupLoadedEditorAssemblies (1108ms)
			LogAssemblyErrors (0ms)
			InitializePlatformSupportModulesInManaged (3ms)
			SetLoadedEditorAssemblies (7ms)
			BeforeProcessingInitializeOnLoad (207ms)
			ProcessInitializeOnLoadAttributes (714ms)
			ProcessInitializeOnLoadMethodAttributes (169ms)
			AfterProcessingInitializeOnLoad (7ms)
			EditorAssembliesLoaded (0ms)
		ExecutionOrderSort2 (0ms)
		AwakeInstancesAfterBackupRestoration (24ms)
Refreshing native plugins compatible for Editor in 3.68 ms, found 4 plugins.
Preloading 0 native plugins for Editor in 0.00 ms.
Unloading 29 Unused Serialized files (Serialized files now loaded: 0)
Unloading 7425 unused Assets / (7.4 MB). Loaded Objects now: 8265.
Memory consumption went from 155.9 MB to 148.5 MB.
Total: 24.657900 ms (FindLiveObjects: 1.187800 ms CreateObjectMapping: 1.948400 ms MarkObjects: 10.439200 ms  DeleteObjects: 11.080500 ms)

Prepare: number of updated asset objects reloaded= 0
========================================================================
Received Prepare
Begin MonoManager ReloadAssembly
Symbol file LoadedFromMemory is not a mono symbol file
- Loaded All Assemblies, in  1.046 seconds
Refreshing native plugins compatible for Editor in 2.58 ms, found 4 plugins.
Native extension for WindowsStandalone target not found
Native extension for WebGL target not found
Mono: successfully reloaded assembly
- Finished resetting the current domain, in  1.147 seconds
Domain Reload Profiling: 2194ms
	BeginReloadAssembly (269ms)
		ExecutionOrderSort (0ms)
		DisableScriptedObjects (8ms)
		BackupInstance (0ms)
		ReleaseScriptingObjects (0ms)
		CreateAndSetChildDomain (72ms)
	RebuildCommonClasses (52ms)
	RebuildNativeTypeToScriptingClass (14ms)
	initialDomainReloadingComplete (33ms)
	LoadAllAssembliesAndSetupDomain (678ms)
		LoadAssemblies (487ms)
		RebuildTransferFunctionScriptingTraits (0ms)
		AnalyzeDomain (312ms)
			TypeCache.Refresh (13ms)
				TypeCache.ScanAssembly (1ms)
			BuildScriptInfoCaches (279ms)
			ResolveRequiredComponents (15ms)
	FinalizeReload (1148ms)
		ReleaseScriptCaches (0ms)
		RebuildScriptCaches (0ms)
		SetupLoadedEditorAssemblies (866ms)
			LogAssemblyErrors (0ms)
			InitializePlatformSupportModulesInManaged (5ms)
			SetLoadedEditorAssemblies (6ms)
			BeforeProcessingInitializeOnLoad (163ms)
			ProcessInitializeOnLoadAttributes (572ms)
			ProcessInitializeOnLoadMethodAttributes (113ms)
			AfterProcessingInitializeOnLoad (6ms)
			EditorAssembliesLoaded (0ms)
		ExecutionOrderSort2 (0ms)
		AwakeInstancesAfterBackupRestoration (16ms)
Refreshing native plugins compatible for Editor in 3.30 ms, found 4 plugins.
Preloading 0 native plugins for Editor in 0.00 ms.
Unloading 29 Unused Serialized files (Serialized files now loaded: 0)
Unloading 7425 unused Assets / (6.8 MB). Loaded Objects now: 8270.
Memory consumption went from 155.9 MB to 149.1 MB.
Total: 23.008400 ms (FindLiveObjects: 1.252200 ms CreateObjectMapping: 1.704100 ms MarkObjects: 10.150800 ms  DeleteObjects: 9.898900 ms)

Prepare: number of updated asset objects reloaded= 0
========================================================================
Received Prepare
Begin MonoManager ReloadAssembly
Symbol file LoadedFromMemory is not a mono symbol file
- Loaded All Assemblies, in  1.145 seconds
Refreshing native plugins compatible for Editor in 1.76 ms, found 4 plugins.
Native extension for WindowsStandalone target not found
Native extension for WebGL target not found
Mono: successfully reloaded assembly
- Finished resetting the current domain, in  1.439 seconds
Domain Reload Profiling: 2583ms
	BeginReloadAssembly (275ms)
		ExecutionOrderSort (0ms)
		DisableScriptedObjects (13ms)
		BackupInstance (0ms)
		ReleaseScriptingObjects (0ms)
		CreateAndSetChildDomain (66ms)
	RebuildCommonClasses (51ms)
	RebuildNativeTypeToScriptingClass (15ms)
	initialDomainReloadingComplete (35ms)
	LoadAllAssembliesAndSetupDomain (768ms)
		LoadAssemblies (525ms)
		RebuildTransferFunctionScriptingTraits (0ms)
		AnalyzeDomain (372ms)
			TypeCache.Refresh (11ms)
				TypeCache.ScanAssembly (0ms)
			BuildScriptInfoCaches (336ms)
			ResolveRequiredComponents (19ms)
	FinalizeReload (1439ms)
		ReleaseScriptCaches (0ms)
		RebuildScriptCaches (0ms)
		SetupLoadedEditorAssemblies (1120ms)
			LogAssemblyErrors (0ms)
			InitializePlatformSupportModulesInManaged (3ms)
			SetLoadedEditorAssemblies (8ms)
			BeforeProcessingInitializeOnLoad (227ms)
			ProcessInitializeOnLoadAttributes (665ms)
			ProcessInitializeOnLoadMethodAttributes (201ms)
			AfterProcessingInitializeOnLoad (15ms)
			EditorAssembliesLoaded (1ms)
		ExecutionOrderSort2 (0ms)
		AwakeInstancesAfterBackupRestoration (36ms)
Refreshing native plugins compatible for Editor in 3.91 ms, found 4 plugins.
Preloading 0 native plugins for Editor in 0.00 ms.
Unloading 29 Unused Serialized files (Serialized files now loaded: 0)
Unloading 7425 unused Assets / (7.3 MB). Loaded Objects now: 8275.
Memory consumption went from 155.9 MB to 148.6 MB.
Total: 22.377000 ms (FindLiveObjects: 1.226200 ms CreateObjectMapping: 1.745900 ms MarkObjects: 9.121300 ms  DeleteObjects: 10.281200 ms)

Prepare: number of updated asset objects reloaded= 0
========================================================================
Received Prepare
Begin MonoManager ReloadAssembly
Symbol file LoadedFromMemory is not a mono symbol file
- Loaded All Assemblies, in  1.257 seconds
Refreshing native plugins compatible for Editor in 2.31 ms, found 4 plugins.
Native extension for WindowsStandalone target not found
Native extension for WebGL target not found
Mono: successfully reloaded assembly
- Finished resetting the current domain, in  1.150 seconds
Domain Reload Profiling: 2407ms
	BeginReloadAssembly (293ms)
		ExecutionOrderSort (0ms)
		DisableScriptedObjects (10ms)
		BackupInstance (0ms)
		ReleaseScriptingObjects (0ms)
		CreateAndSetChildDomain (79ms)
	RebuildCommonClasses (51ms)
	RebuildNativeTypeToScriptingClass (20ms)
	initialDomainReloadingComplete (48ms)
	LoadAllAssembliesAndSetupDomain (845ms)
		LoadAssemblies (592ms)
		RebuildTransferFunctionScriptingTraits (0ms)
		AnalyzeDomain (383ms)
			TypeCache.Refresh (19ms)
				TypeCache.ScanAssembly (2ms)
			BuildScriptInfoCaches (343ms)
			ResolveRequiredComponents (16ms)
	FinalizeReload (1151ms)
		ReleaseScriptCaches (0ms)
		RebuildScriptCaches (0ms)
		SetupLoadedEditorAssemblies (850ms)
			LogAssemblyErrors (0ms)
			InitializePlatformSupportModulesInManaged (4ms)
			SetLoadedEditorAssemblies (6ms)
			BeforeProcessingInitializeOnLoad (169ms)
			ProcessInitializeOnLoadAttributes (552ms)
			ProcessInitializeOnLoadMethodAttributes (114ms)
			AfterProcessingInitializeOnLoad (5ms)
			EditorAssembliesLoaded (0ms)
		ExecutionOrderSort2 (0ms)
		AwakeInstancesAfterBackupRestoration (18ms)
Refreshing native plugins compatible for Editor in 3.02 ms, found 4 plugins.
Preloading 0 native plugins for Editor in 0.00 ms.
Unloading 29 Unused Serialized files (Serialized files now loaded: 0)
Unloading 7425 unused Assets / (6.8 MB). Loaded Objects now: 8280.
Memory consumption went from 155.9 MB to 149.1 MB.
Total: 20.884000 ms (FindLiveObjects: 1.713700 ms CreateObjectMapping: 1.892000 ms MarkObjects: 9.295500 ms  DeleteObjects: 7.980300 ms)

Prepare: number of updated asset objects reloaded= 0
========================================================================
Received Prepare
Begin MonoManager ReloadAssembly
Symbol file LoadedFromMemory is not a mono symbol file
- Loaded All Assemblies, in  1.126 seconds
Refreshing native plugins compatible for Editor in 2.45 ms, found 4 plugins.
Native extension for WindowsStandalone target not found
Native extension for WebGL target not found
Mono: successfully reloaded assembly
- Finished resetting the current domain, in  1.362 seconds
Domain Reload Profiling: 2486ms
	BeginReloadAssembly (251ms)
		ExecutionOrderSort (0ms)
		DisableScriptedObjects (10ms)
		BackupInstance (0ms)
		ReleaseScriptingObjects (0ms)
		CreateAndSetChildDomain (65ms)
	RebuildCommonClasses (55ms)
	RebuildNativeTypeToScriptingClass (23ms)
	initialDomainReloadingComplete (52ms)
	LoadAllAssembliesAndSetupDomain (742ms)
		LoadAssemblies (530ms)
		RebuildTransferFunctionScriptingTraits (0ms)
		AnalyzeDomain (327ms)
			TypeCache.Refresh (11ms)
				TypeCache.ScanAssembly (0ms)
			BuildScriptInfoCaches (295ms)
			ResolveRequiredComponents (16ms)
	FinalizeReload (1362ms)
		ReleaseScriptCaches (0ms)
		RebuildScriptCaches (0ms)
		SetupLoadedEditorAssemblies (1052ms)
			LogAssemblyErrors (0ms)
			InitializePlatformSupportModulesInManaged (5ms)
			SetLoadedEditorAssemblies (7ms)
			BeforeProcessingInitializeOnLoad (210ms)
			ProcessInitializeOnLoadAttributes (640ms)
			ProcessInitializeOnLoadMethodAttributes (179ms)
			AfterProcessingInitializeOnLoad (9ms)
			EditorAssembliesLoaded (2ms)
		ExecutionOrderSort2 (0ms)
		AwakeInstancesAfterBackupRestoration (29ms)
Refreshing native plugins compatible for Editor in 4.25 ms, found 4 plugins.
Preloading 0 native plugins for Editor in 0.00 ms.
Unloading 29 Unused Serialized files (Serialized files now loaded: 0)
Unloading 7425 unused Assets / (7.4 MB). Loaded Objects now: 8285.
Memory consumption went from 155.9 MB to 148.5 MB.
Total: 23.185500 ms (FindLiveObjects: 1.123900 ms CreateObjectMapping: 2.032600 ms MarkObjects: 9.735700 ms  DeleteObjects: 10.290000 ms)

Prepare: number of updated asset objects reloaded= 0
========================================================================
Received Prepare
Begin MonoManager ReloadAssembly
Symbol file LoadedFromMemory is not a mono symbol file
- Loaded All Assemblies, in  1.066 seconds
Refreshing native plugins compatible for Editor in 2.42 ms, found 4 plugins.
Native extension for WindowsStandalone target not found
Native extension for WebGL target not found
Mono: successfully reloaded assembly
- Finished resetting the current domain, in  1.287 seconds
Domain Reload Profiling: 2355ms
	BeginReloadAssembly (281ms)
		ExecutionOrderSort (0ms)
		DisableScriptedObjects (7ms)
		BackupInstance (0ms)
		ReleaseScriptingObjects (0ms)
		CreateAndSetChildDomain (72ms)
	RebuildCommonClasses (62ms)
	RebuildNativeTypeToScriptingClass (21ms)
	initialDomainReloadingComplete (38ms)
	LoadAllAssembliesAndSetupDomain (667ms)
		LoadAssemblies (493ms)
		RebuildTransferFunctionScriptingTraits (0ms)
		AnalyzeDomain (311ms)
			TypeCache.Refresh (13ms)
				TypeCache.ScanAssembly (1ms)
			BuildScriptInfoCaches (280ms)
			ResolveRequiredComponents (14ms)
	FinalizeReload (1287ms)
		ReleaseScriptCaches (0ms)
		RebuildScriptCaches (0ms)
		SetupLoadedEditorAssemblies (991ms)
			LogAssemblyErrors (0ms)
			InitializePlatformSupportModulesInManaged (4ms)
			SetLoadedEditorAssemblies (8ms)
			BeforeProcessingInitializeOnLoad (435ms)
			ProcessInitializeOnLoadAttributes (435ms)
			ProcessInitializeOnLoadMethodAttributes (105ms)
			AfterProcessingInitializeOnLoad (5ms)
			EditorAssembliesLoaded (0ms)
		ExecutionOrderSort2 (0ms)
		AwakeInstancesAfterBackupRestoration (20ms)
Refreshing native plugins compatible for Editor in 1.63 ms, found 4 plugins.
Preloading 0 native plugins for Editor in 0.00 ms.
Unloading 29 Unused Serialized files (Serialized files now loaded: 0)
Unloading 7425 unused Assets / (7.7 MB). Loaded Objects now: 8290.
Memory consumption went from 155.9 MB to 148.2 MB.
Total: 17.101200 ms (FindLiveObjects: 0.861200 ms CreateObjectMapping: 0.831100 ms MarkObjects: 7.153100 ms  DeleteObjects: 8.254400 ms)

Prepare: number of updated asset objects reloaded= 0
========================================================================
Received Prepare
Begin MonoManager ReloadAssembly
Symbol file LoadedFromMemory is not a mono symbol file
- Loaded All Assemblies, in  1.254 seconds
Refreshing native plugins compatible for Editor in 2.37 ms, found 4 plugins.
Native extension for WindowsStandalone target not found
Native extension for WebGL target not found
Mono: successfully reloaded assembly
- Finished resetting the current domain, in  1.481 seconds
Domain Reload Profiling: 2740ms
	BeginReloadAssembly (266ms)
		ExecutionOrderSort (0ms)
		DisableScriptedObjects (13ms)
		BackupInstance (0ms)
		ReleaseScriptingObjects (0ms)
		CreateAndSetChildDomain (59ms)
	RebuildCommonClasses (60ms)
	RebuildNativeTypeToScriptingClass (18ms)
	initialDomainReloadingComplete (44ms)
	LoadAllAssembliesAndSetupDomain (871ms)
		LoadAssemblies (506ms)
		RebuildTransferFunctionScriptingTraits (0ms)
		AnalyzeDomain (478ms)
			TypeCache.Refresh (11ms)
				TypeCache.ScanAssembly (0ms)
			BuildScriptInfoCaches (441ms)
			ResolveRequiredComponents (20ms)
	FinalizeReload (1482ms)
		ReleaseScriptCaches (0ms)
		RebuildScriptCaches (0ms)
		SetupLoadedEditorAssemblies (1145ms)
			LogAssemblyErrors (0ms)
			InitializePlatformSupportModulesInManaged (5ms)
			SetLoadedEditorAssemblies (7ms)
			BeforeProcessingInitializeOnLoad (201ms)
			ProcessInitializeOnLoadAttributes (724ms)
			ProcessInitializeOnLoadMethodAttributes (199ms)
			AfterProcessingInitializeOnLoad (9ms)
			EditorAssembliesLoaded (0ms)
		ExecutionOrderSort2 (0ms)
		AwakeInstancesAfterBackupRestoration (33ms)
Refreshing native plugins compatible for Editor in 3.17 ms, found 4 plugins.
Preloading 0 native plugins for Editor in 0.00 ms.
Unloading 29 Unused Serialized files (Serialized files now loaded: 0)
Unloading 7425 unused Assets / (7.5 MB). Loaded Objects now: 8295.
Memory consumption went from 155.9 MB to 148.4 MB.
Total: 28.717900 ms (FindLiveObjects: 1.899200 ms CreateObjectMapping: 7.295700 ms MarkObjects: 10.555700 ms  DeleteObjects: 8.965500 ms)

Prepare: number of updated asset objects reloaded= 0
========================================================================
Received Prepare
Begin MonoManager ReloadAssembly
Symbol file LoadedFromMemory is not a mono symbol file
- Loaded All Assemblies, in  1.352 seconds
Refreshing native plugins compatible for Editor in 1.83 ms, found 4 plugins.
Native extension for WindowsStandalone target not found
Native extension for WebGL target not found
Mono: successfully reloaded assembly
- Finished resetting the current domain, in  0.921 seconds
Domain Reload Profiling: 2272ms
	BeginReloadAssembly (263ms)
		ExecutionOrderSort (0ms)
		DisableScriptedObjects (9ms)
		BackupInstance (0ms)
		ReleaseScriptingObjects (0ms)
		CreateAndSetChildDomain (71ms)
	RebuildCommonClasses (48ms)
	RebuildNativeTypeToScriptingClass (16ms)
	initialDomainReloadingComplete (34ms)
	LoadAllAssembliesAndSetupDomain (989ms)
		LoadAssemblies (811ms)
		RebuildTransferFunctionScriptingTraits (0ms)
		AnalyzeDomain (300ms)
			TypeCache.Refresh (17ms)
				TypeCache.ScanAssembly (1ms)
			BuildScriptInfoCaches (266ms)
			ResolveRequiredComponents (13ms)
	FinalizeReload (921ms)
		ReleaseScriptCaches (0ms)
		RebuildScriptCaches (0ms)
		SetupLoadedEditorAssemblies (668ms)
			LogAssemblyErrors (0ms)
			InitializePlatformSupportModulesInManaged (3ms)
			SetLoadedEditorAssemblies (6ms)
			BeforeProcessingInitializeOnLoad (157ms)
			ProcessInitializeOnLoadAttributes (399ms)
			ProcessInitializeOnLoadMethodAttributes (97ms)
			AfterProcessingInitializeOnLoad (6ms)
			EditorAssembliesLoaded (0ms)
		ExecutionOrderSort2 (0ms)
		AwakeInstancesAfterBackupRestoration (16ms)
Refreshing native plugins compatible for Editor in 1.89 ms, found 4 plugins.
Preloading 0 native plugins for Editor in 0.00 ms.
Unloading 29 Unused Serialized files (Serialized files now loaded: 0)
Unloading 7425 unused Assets / (7.6 MB). Loaded Objects now: 8300.
Memory consumption went from 156.0 MB to 148.4 MB.
Total: 14.578500 ms (FindLiveObjects: 0.897500 ms CreateObjectMapping: 0.814700 ms MarkObjects: 6.295500 ms  DeleteObjects: 6.569000 ms)

Prepare: number of updated asset objects reloaded= 0
========================================================================
Received Prepare
Begin MonoManager ReloadAssembly
Symbol file LoadedFromMemory is not a mono symbol file
- Loaded All Assemblies, in  1.148 seconds
Refreshing native plugins compatible for Editor in 1.95 ms, found 4 plugins.
Native extension for WindowsStandalone target not found
Native extension for WebGL target not found
Mono: successfully reloaded assembly
- Finished resetting the current domain, in  1.393 seconds
Domain Reload Profiling: 2544ms
	BeginReloadAssembly (251ms)
		ExecutionOrderSort (0ms)
		DisableScriptedObjects (7ms)
		BackupInstance (0ms)
		ReleaseScriptingObjects (0ms)
		CreateAndSetChildDomain (67ms)
	RebuildCommonClasses (56ms)
	RebuildNativeTypeToScriptingClass (19ms)
	initialDomainReloadingComplete (34ms)
	LoadAllAssembliesAndSetupDomain (790ms)
		LoadAssemblies (523ms)
		RebuildTransferFunctionScriptingTraits (0ms)
		AnalyzeDomain (376ms)
			TypeCache.Refresh (11ms)
				TypeCache.ScanAssembly (0ms)
			BuildScriptInfoCaches (343ms)
			ResolveRequiredComponents (17ms)
	FinalizeReload (1393ms)
		ReleaseScriptCaches (0ms)
		RebuildScriptCaches (0ms)
		SetupLoadedEditorAssemblies (1056ms)
			LogAssemblyErrors (0ms)
			InitializePlatformSupportModulesInManaged (3ms)
			SetLoadedEditorAssemblies (7ms)
			BeforeProcessingInitializeOnLoad (203ms)
			ProcessInitializeOnLoadAttributes (652ms)
			ProcessInitializeOnLoadMethodAttributes (183ms)
			AfterProcessingInitializeOnLoad (7ms)
			EditorAssembliesLoaded (1ms)
		ExecutionOrderSort2 (0ms)
		AwakeInstancesAfterBackupRestoration (30ms)
Refreshing native plugins compatible for Editor in 3.79 ms, found 4 plugins.
Preloading 0 native plugins for Editor in 0.00 ms.
Unloading 29 Unused Serialized files (Serialized files now loaded: 0)
Unloading 7425 unused Assets / (6.8 MB). Loaded Objects now: 8305.
Memory consumption went from 155.9 MB to 149.0 MB.
Total: 19.695900 ms (FindLiveObjects: 1.223300 ms CreateObjectMapping: 1.404300 ms MarkObjects: 9.014600 ms  DeleteObjects: 8.052000 ms)

Prepare: number of updated asset objects reloaded= 0
========================================================================
Received Prepare
Begin MonoManager ReloadAssembly
Symbol file LoadedFromMemory is not a mono symbol file
- Loaded All Assemblies, in  1.211 seconds
Refreshing native plugins compatible for Editor in 2.55 ms, found 4 plugins.
Native extension for WindowsStandalone target not found
Native extension for WebGL target not found
Mono: successfully reloaded assembly
- Finished resetting the current domain, in  1.331 seconds
Domain Reload Profiling: 2543ms
	BeginReloadAssembly (318ms)
		ExecutionOrderSort (0ms)
		DisableScriptedObjects (8ms)
		BackupInstance (0ms)
		ReleaseScriptingObjects (0ms)
		CreateAndSetChildDomain (63ms)
	RebuildCommonClasses (52ms)
	RebuildNativeTypeToScriptingClass (15ms)
	initialDomainReloadingComplete (39ms)
	LoadAllAssembliesAndSetupDomain (788ms)
		LoadAssemblies (453ms)
		RebuildTransferFunctionScriptingTraits (0ms)
		AnalyzeDomain (447ms)
			TypeCache.Refresh (15ms)
				TypeCache.ScanAssembly (1ms)
			BuildScriptInfoCaches (398ms)
			ResolveRequiredComponents (27ms)
	FinalizeReload (1331ms)
		ReleaseScriptCaches (0ms)
		RebuildScriptCaches (0ms)
		SetupLoadedEditorAssemblies (1028ms)
			LogAssemblyErrors (0ms)
			InitializePlatformSupportModulesInManaged (4ms)
			SetLoadedEditorAssemblies (5ms)
			BeforeProcessingInitializeOnLoad (178ms)
			ProcessInitializeOnLoadAttributes (733ms)
			ProcessInitializeOnLoadMethodAttributes (102ms)
			AfterProcessingInitializeOnLoad (5ms)
			EditorAssembliesLoaded (1ms)
		ExecutionOrderSort2 (0ms)
		AwakeInstancesAfterBackupRestoration (25ms)
Refreshing native plugins compatible for Editor in 2.98 ms, found 4 plugins.
Preloading 0 native plugins for Editor in 0.00 ms.
Unloading 29 Unused Serialized files (Serialized files now loaded: 0)
Unloading 7425 unused Assets / (7.2 MB). Loaded Objects now: 8310.
Memory consumption went from 156.0 MB to 148.8 MB.
Total: 17.485000 ms (FindLiveObjects: 1.022500 ms CreateObjectMapping: 1.269000 ms MarkObjects: 7.616500 ms  DeleteObjects: 7.574400 ms)

Prepare: number of updated asset objects reloaded= 0
========================================================================
Received Prepare
Begin MonoManager ReloadAssembly
Symbol file LoadedFromMemory is not a mono symbol file
- Loaded All Assemblies, in  1.353 seconds
Refreshing native plugins compatible for Editor in 2.60 ms, found 4 plugins.
Native extension for WindowsStandalone target not found
Native extension for WebGL target not found
Mono: successfully reloaded assembly
- Finished resetting the current domain, in  1.281 seconds
Domain Reload Profiling: 2633ms
	BeginReloadAssembly (232ms)
		ExecutionOrderSort (0ms)
		DisableScriptedObjects (7ms)
		BackupInstance (0ms)
		ReleaseScriptingObjects (0ms)
		CreateAndSetChildDomain (51ms)
	RebuildCommonClasses (42ms)
	RebuildNativeTypeToScriptingClass (18ms)
	initialDomainReloadingComplete (32ms)
	LoadAllAssembliesAndSetupDomain (1028ms)
		LoadAssemblies (847ms)
		RebuildTransferFunctionScriptingTraits (0ms)
		AnalyzeDomain (294ms)
			TypeCache.Refresh (13ms)
				TypeCache.ScanAssembly (0ms)
			BuildScriptInfoCaches (264ms)
			ResolveRequiredComponents (12ms)
	FinalizeReload (1282ms)
		ReleaseScriptCaches (0ms)
		RebuildScriptCaches (0ms)
		SetupLoadedEditorAssemblies (968ms)
			LogAssemblyErrors (0ms)
			InitializePlatformSupportModulesInManaged (5ms)
			SetLoadedEditorAssemblies (7ms)
			BeforeProcessingInitializeOnLoad (180ms)
			ProcessInitializeOnLoadAttributes (591ms)
			ProcessInitializeOnLoadMethodAttributes (175ms)
			AfterProcessingInitializeOnLoad (9ms)
			EditorAssembliesLoaded (0ms)
		ExecutionOrderSort2 (0ms)
		AwakeInstancesAfterBackupRestoration (35ms)
Refreshing native plugins compatible for Editor in 2.16 ms, found 4 plugins.
Preloading 0 native plugins for Editor in 0.00 ms.
Unloading 29 Unused Serialized files (Serialized files now loaded: 0)
Unloading 7425 unused Assets / (8.8 MB). Loaded Objects now: 8315.
Memory consumption went from 156.0 MB to 147.2 MB.
Total: 19.984700 ms (FindLiveObjects: 0.909500 ms CreateObjectMapping: 0.901900 ms MarkObjects: 6.499800 ms  DeleteObjects: 11.671500 ms)

Prepare: number of updated asset objects reloaded= 0
========================================================================
Received Prepare
Begin MonoManager ReloadAssembly
Symbol file LoadedFromMemory is not a mono symbol file
- Loaded All Assemblies, in  1.416 seconds
Refreshing native plugins compatible for Editor in 3.29 ms, found 4 plugins.
Native extension for WindowsStandalone target not found
Native extension for WebGL target not found
Mono: successfully reloaded assembly
- Finished resetting the current domain, in  1.345 seconds
Domain Reload Profiling: 2760ms
	BeginReloadAssembly (340ms)
		ExecutionOrderSort (0ms)
		DisableScriptedObjects (14ms)
		BackupInstance (0ms)
		ReleaseScriptingObjects (0ms)
		CreateAndSetChildDomain (93ms)
	RebuildCommonClasses (61ms)
	RebuildNativeTypeToScriptingClass (20ms)
	initialDomainReloadingComplete (45ms)
	LoadAllAssembliesAndSetupDomain (949ms)
		LoadAssemblies (665ms)
		RebuildTransferFunctionScriptingTraits (0ms)
		AnalyzeDomain (432ms)
			TypeCache.Refresh (28ms)
				TypeCache.ScanAssembly (2ms)
			BuildScriptInfoCaches (383ms)
			ResolveRequiredComponents (16ms)
	FinalizeReload (1346ms)
		ReleaseScriptCaches (0ms)
		RebuildScriptCaches (0ms)
		SetupLoadedEditorAssemblies (936ms)
			LogAssemblyErrors (0ms)
			InitializePlatformSupportModulesInManaged (3ms)
			SetLoadedEditorAssemblies (5ms)
			BeforeProcessingInitializeOnLoad (208ms)
			ProcessInitializeOnLoadAttributes (597ms)
			ProcessInitializeOnLoadMethodAttributes (118ms)
			AfterProcessingInitializeOnLoad (5ms)
			EditorAssembliesLoaded (0ms)
		ExecutionOrderSort2 (0ms)
		AwakeInstancesAfterBackupRestoration (22ms)
Refreshing native plugins compatible for Editor in 3.10 ms, found 4 plugins.
Preloading 0 native plugins for Editor in 0.00 ms.
Unloading 29 Unused Serialized files (Serialized files now loaded: 0)
Unloading 7425 unused Assets / (7.3 MB). Loaded Objects now: 8320.
Memory consumption went from 156.0 MB to 148.7 MB.
Total: 34.577900 ms (FindLiveObjects: 1.080900 ms CreateObjectMapping: 1.942100 ms MarkObjects: 10.871500 ms  DeleteObjects: 20.680500 ms)

Prepare: number of updated asset objects reloaded= 0
========================================================================
Received Prepare
Begin MonoManager ReloadAssembly
Symbol file LoadedFromMemory is not a mono symbol file
- Loaded All Assemblies, in  1.091 seconds
Refreshing native plugins compatible for Editor in 2.86 ms, found 4 plugins.
Native extension for WindowsStandalone target not found
Native extension for WebGL target not found
Mono: successfully reloaded assembly
- Finished resetting the current domain, in  1.309 seconds
Domain Reload Profiling: 2402ms
	BeginReloadAssembly (269ms)
		ExecutionOrderSort (0ms)
		DisableScriptedObjects (10ms)
		BackupInstance (0ms)
		ReleaseScriptingObjects (0ms)
		CreateAndSetChildDomain (65ms)
	RebuildCommonClasses (54ms)
	RebuildNativeTypeToScriptingClass (19ms)
	initialDomainReloadingComplete (38ms)
	LoadAllAssembliesAndSetupDomain (712ms)
		LoadAssemblies (489ms)
		RebuildTransferFunctionScriptingTraits (0ms)
		AnalyzeDomain (354ms)
			TypeCache.Refresh (12ms)
				TypeCache.ScanAssembly (0ms)
			BuildScriptInfoCaches (324ms)
			ResolveRequiredComponents (14ms)
	FinalizeReload (1310ms)
		ReleaseScriptCaches (0ms)
		RebuildScriptCaches (0ms)
		SetupLoadedEditorAssemblies (994ms)
			LogAssemblyErrors (0ms)
			InitializePlatformSupportModulesInManaged (3ms)
			SetLoadedEditorAssemblies (7ms)
			BeforeProcessingInitializeOnLoad (202ms)
			ProcessInitializeOnLoadAttributes (603ms)
			ProcessInitializeOnLoadMethodAttributes (169ms)
			AfterProcessingInitializeOnLoad (10ms)
			EditorAssembliesLoaded (0ms)
		ExecutionOrderSort2 (0ms)
		AwakeInstancesAfterBackupRestoration (33ms)
Refreshing native plugins compatible for Editor in 2.63 ms, found 4 plugins.
Preloading 0 native plugins for Editor in 0.00 ms.
Unloading 29 Unused Serialized files (Serialized files now loaded: 0)
Unloading 7425 unused Assets / (7.3 MB). Loaded Objects now: 8325.
Memory consumption went from 156.0 MB to 148.6 MB.
Total: 21.848100 ms (FindLiveObjects: 1.476600 ms CreateObjectMapping: 1.742800 ms MarkObjects: 11.500200 ms  DeleteObjects: 7.126700 ms)

Prepare: number of updated asset objects reloaded= 0
========================================================================
Received Prepare
Begin MonoManager ReloadAssembly
Symbol file LoadedFromMemory is not a mono symbol file
- Loaded All Assemblies, in  4.962 seconds
Refreshing native plugins compatible for Editor in 2.49 ms, found 4 plugins.
Native extension for WindowsStandalone target not found
Native extension for WebGL target not found
Mono: successfully reloaded assembly
- Finished resetting the current domain, in  1.645 seconds
Domain Reload Profiling: 6612ms
	BeginReloadAssembly (2738ms)
		ExecutionOrderSort (0ms)
		DisableScriptedObjects (305ms)
		BackupInstance (0ms)
		ReleaseScriptingObjects (6ms)
		CreateAndSetChildDomain (965ms)
	RebuildCommonClasses (148ms)
	RebuildNativeTypeToScriptingClass (49ms)
	initialDomainReloadingComplete (85ms)
	LoadAllAssembliesAndSetupDomain (1946ms)
		LoadAssemblies (1711ms)
		RebuildTransferFunctionScriptingTraits (0ms)
		AnalyzeDomain (790ms)
			TypeCache.Refresh (55ms)
				TypeCache.ScanAssembly (5ms)
			BuildScriptInfoCaches (699ms)
			ResolveRequiredComponents (20ms)
	FinalizeReload (1645ms)
		ReleaseScriptCaches (0ms)
		RebuildScriptCaches (0ms)
		SetupLoadedEditorAssemblies (1139ms)
			LogAssemblyErrors (0ms)
			InitializePlatformSupportModulesInManaged (6ms)
			SetLoadedEditorAssemblies (10ms)
			BeforeProcessingInitializeOnLoad (326ms)
			ProcessInitializeOnLoadAttributes (664ms)
			ProcessInitializeOnLoadMethodAttributes (129ms)
			AfterProcessingInitializeOnLoad (5ms)
			EditorAssembliesLoaded (0ms)
		ExecutionOrderSort2 (0ms)
		AwakeInstancesAfterBackupRestoration (19ms)
Refreshing native plugins compatible for Editor in 3.18 ms, found 4 plugins.
Preloading 0 native plugins for Editor in 0.00 ms.
Unloading 29 Unused Serialized files (Serialized files now loaded: 0)
Unloading 7425 unused Assets / (6.9 MB). Loaded Objects now: 8330.
Memory consumption went from 155.9 MB to 149.0 MB.
Total: 20.876400 ms (FindLiveObjects: 1.005200 ms CreateObjectMapping: 0.855900 ms MarkObjects: 10.198300 ms  DeleteObjects: 8.562300 ms)

Prepare: number of updated asset objects reloaded= 0
========================================================================
Received Prepare
Begin MonoManager ReloadAssembly
Symbol file LoadedFromMemory is not a mono symbol file
- Loaded All Assemblies, in  1.155 seconds
Refreshing native plugins compatible for Editor in 1.64 ms, found 4 plugins.
Native extension for WindowsStandalone target not found
Native extension for WebGL target not found
Mono: successfully reloaded assembly
- Finished resetting the current domain, in  1.478 seconds
Domain Reload Profiling: 2631ms
	BeginReloadAssembly (317ms)
		ExecutionOrderSort (0ms)
		DisableScriptedObjects (8ms)
		BackupInstance (0ms)
		ReleaseScriptingObjects (0ms)
		CreateAndSetChildDomain (76ms)
	RebuildCommonClasses (49ms)
	RebuildNativeTypeToScriptingClass (16ms)
	initialDomainReloadingComplete (45ms)
	LoadAllAssembliesAndSetupDomain (726ms)
		LoadAssemblies (563ms)
		RebuildTransferFunctionScriptingTraits (0ms)
		AnalyzeDomain (329ms)
			TypeCache.Refresh (13ms)
				TypeCache.ScanAssembly (0ms)
			BuildScriptInfoCaches (296ms)
			ResolveRequiredComponents (16ms)
	FinalizeReload (1479ms)
		ReleaseScriptCaches (0ms)
		RebuildScriptCaches (0ms)
		SetupLoadedEditorAssemblies (1168ms)
			LogAssemblyErrors (0ms)
			InitializePlatformSupportModulesInManaged (5ms)
			SetLoadedEditorAssemblies (7ms)
			BeforeProcessingInitializeOnLoad (228ms)
			ProcessInitializeOnLoadAttributes (757ms)
			ProcessInitializeOnLoadMethodAttributes (166ms)
			AfterProcessingInitializeOnLoad (5ms)
			EditorAssembliesLoaded (0ms)
		ExecutionOrderSort2 (0ms)
		AwakeInstancesAfterBackupRestoration (18ms)
Refreshing native plugins compatible for Editor in 2.97 ms, found 4 plugins.
Preloading 0 native plugins for Editor in 0.00 ms.
Unloading 29 Unused Serialized files (Serialized files now loaded: 0)
Unloading 7425 unused Assets / (7.8 MB). Loaded Objects now: 8335.
Memory consumption went from 156.0 MB to 148.1 MB.
Total: 21.313900 ms (FindLiveObjects: 1.784300 ms CreateObjectMapping: 1.772300 ms MarkObjects: 7.696100 ms  DeleteObjects: 10.058700 ms)

Prepare: number of updated asset objects reloaded= 0
========================================================================
Received Prepare
Begin MonoManager ReloadAssembly
Symbol file LoadedFromMemory is not a mono symbol file
- Loaded All Assemblies, in  1.936 seconds
Refreshing native plugins compatible for Editor in 1.86 ms, found 4 plugins.
Native extension for WindowsStandalone target not found
Native extension for WebGL target not found
Mono: successfully reloaded assembly
- Finished resetting the current domain, in  1.385 seconds
Domain Reload Profiling: 3323ms
	BeginReloadAssembly (480ms)
		ExecutionOrderSort (0ms)
		DisableScriptedObjects (39ms)
		BackupInstance (0ms)
		ReleaseScriptingObjects (0ms)
		CreateAndSetChildDomain (85ms)
	RebuildCommonClasses (91ms)
	RebuildNativeTypeToScriptingClass (16ms)
	initialDomainReloadingComplete (73ms)
	LoadAllAssembliesAndSetupDomain (1277ms)
		LoadAssemblies (836ms)
		RebuildTransferFunctionScriptingTraits (0ms)
		AnalyzeDomain (629ms)
			TypeCache.Refresh (15ms)
				TypeCache.ScanAssembly (1ms)
			BuildScriptInfoCaches (591ms)
			ResolveRequiredComponents (19ms)
	FinalizeReload (1385ms)
		ReleaseScriptCaches (0ms)
		RebuildScriptCaches (0ms)
		SetupLoadedEditorAssemblies (1039ms)
			LogAssemblyErrors (0ms)
			InitializePlatformSupportModulesInManaged (3ms)
			SetLoadedEditorAssemblies (6ms)
			BeforeProcessingInitializeOnLoad (187ms)
			ProcessInitializeOnLoadAttributes (595ms)
			ProcessInitializeOnLoadMethodAttributes (240ms)
			AfterProcessingInitializeOnLoad (6ms)
			EditorAssembliesLoaded (0ms)
		ExecutionOrderSort2 (0ms)
		AwakeInstancesAfterBackupRestoration (22ms)
Refreshing native plugins compatible for Editor in 7.36 ms, found 4 plugins.
Preloading 0 native plugins for Editor in 0.00 ms.
Unloading 29 Unused Serialized files (Serialized files now loaded: 0)
Unloading 7425 unused Assets / (7.3 MB). Loaded Objects now: 8340.
Memory consumption went from 156.0 MB to 148.7 MB.
Total: 17.286500 ms (FindLiveObjects: 1.427000 ms CreateObjectMapping: 1.598800 ms MarkObjects: 6.735700 ms  DeleteObjects: 7.522800 ms)

Prepare: number of updated asset objects reloaded= 0
========================================================================
Received Prepare
Begin MonoManager ReloadAssembly
Symbol file LoadedFromMemory is not a mono symbol file
- Loaded All Assemblies, in  1.028 seconds
Refreshing native plugins compatible for Editor in 2.75 ms, found 4 plugins.
Native extension for WindowsStandalone target not found
Native extension for WebGL target not found
Mono: successfully reloaded assembly
- Finished resetting the current domain, in  1.261 seconds
Domain Reload Profiling: 2291ms
	BeginReloadAssembly (250ms)
		ExecutionOrderSort (0ms)
		DisableScriptedObjects (7ms)
		BackupInstance (0ms)
		ReleaseScriptingObjects (0ms)
		CreateAndSetChildDomain (60ms)
	RebuildCommonClasses (56ms)
	RebuildNativeTypeToScriptingClass (15ms)
	initialDomainReloadingComplete (29ms)
	LoadAllAssembliesAndSetupDomain (679ms)
		LoadAssemblies (509ms)
		RebuildTransferFunctionScriptingTraits (0ms)
		AnalyzeDomain (283ms)
			TypeCache.Refresh (9ms)
				TypeCache.ScanAssembly (0ms)
			BuildScriptInfoCaches (256ms)
			ResolveRequiredComponents (14ms)
	FinalizeReload (1262ms)
		ReleaseScriptCaches (0ms)
		RebuildScriptCaches (0ms)
		SetupLoadedEditorAssemblies (973ms)
			LogAssemblyErrors (0ms)
			InitializePlatformSupportModulesInManaged (4ms)
			SetLoadedEditorAssemblies (8ms)
			BeforeProcessingInitializeOnLoad (174ms)
			ProcessInitializeOnLoadAttributes (585ms)
			ProcessInitializeOnLoadMethodAttributes (192ms)
			AfterProcessingInitializeOnLoad (8ms)
			EditorAssembliesLoaded (0ms)
		ExecutionOrderSort2 (0ms)
		AwakeInstancesAfterBackupRestoration (32ms)
Refreshing native plugins compatible for Editor in 3.06 ms, found 4 plugins.
Preloading 0 native plugins for Editor in 0.00 ms.
Unloading 29 Unused Serialized files (Serialized files now loaded: 0)
Unloading 7425 unused Assets / (6.7 MB). Loaded Objects now: 8345.
Memory consumption went from 156.0 MB to 149.3 MB.
Total: 15.825800 ms (FindLiveObjects: 1.181100 ms CreateObjectMapping: 1.786400 ms MarkObjects: 6.664000 ms  DeleteObjects: 6.192400 ms)

Prepare: number of updated asset objects reloaded= 0
========================================================================
Received Prepare
Begin MonoManager ReloadAssembly
Symbol file LoadedFromMemory is not a mono symbol file
- Loaded All Assemblies, in  2.303 seconds
Refreshing native plugins compatible for Editor in 2.22 ms, found 4 plugins.
Native extension for WindowsStandalone target not found
Native extension for WebGL target not found
Mono: successfully reloaded assembly
- Finished resetting the current domain, in  1.766 seconds
Domain Reload Profiling: 4075ms
	BeginReloadAssembly (790ms)
		ExecutionOrderSort (0ms)
		DisableScriptedObjects (36ms)
		BackupInstance (0ms)
		ReleaseScriptingObjects (1ms)
		CreateAndSetChildDomain (308ms)
	RebuildCommonClasses (74ms)
	RebuildNativeTypeToScriptingClass (21ms)
	initialDomainReloadingComplete (53ms)
	LoadAllAssembliesAndSetupDomain (1369ms)
		LoadAssemblies (907ms)
		RebuildTransferFunctionScriptingTraits (0ms)
		AnalyzeDomain (703ms)
			TypeCache.Refresh (27ms)
				TypeCache.ScanAssembly (4ms)
			BuildScriptInfoCaches (637ms)
			ResolveRequiredComponents (30ms)
	FinalizeReload (1768ms)
		ReleaseScriptCaches (0ms)
		RebuildScriptCaches (0ms)
		SetupLoadedEditorAssemblies (1238ms)
			LogAssemblyErrors (0ms)
			InitializePlatformSupportModulesInManaged (10ms)
			SetLoadedEditorAssemblies (8ms)
			BeforeProcessingInitializeOnLoad (281ms)
			ProcessInitializeOnLoadAttributes (778ms)
			ProcessInitializeOnLoadMethodAttributes (154ms)
			AfterProcessingInitializeOnLoad (8ms)
			EditorAssembliesLoaded (0ms)
		ExecutionOrderSort2 (0ms)
		AwakeInstancesAfterBackupRestoration (20ms)
Refreshing native plugins compatible for Editor in 1.96 ms, found 4 plugins.
Preloading 0 native plugins for Editor in 0.00 ms.
Unloading 29 Unused Serialized files (Serialized files now loaded: 0)
Unloading 7425 unused Assets / (7.5 MB). Loaded Objects now: 8350.
Memory consumption went from 156.0 MB to 148.5 MB.
Total: 19.694300 ms (FindLiveObjects: 1.181100 ms CreateObjectMapping: 0.977900 ms MarkObjects: 8.607600 ms  DeleteObjects: 8.924200 ms)

Prepare: number of updated asset objects reloaded= 0
========================================================================
Received Prepare
Begin MonoManager ReloadAssembly
Symbol file LoadedFromMemory is not a mono symbol file
- Loaded All Assemblies, in  1.166 seconds
Refreshing native plugins compatible for Editor in 2.38 ms, found 4 plugins.
Native extension for WindowsStandalone target not found
Native extension for WebGL target not found
Mono: successfully reloaded assembly
- Finished resetting the current domain, in  1.292 seconds
Domain Reload Profiling: 2456ms
	BeginReloadAssembly (299ms)
		ExecutionOrderSort (0ms)
		DisableScriptedObjects (7ms)
		BackupInstance (0ms)
		ReleaseScriptingObjects (0ms)
		CreateAndSetChildDomain (72ms)
	RebuildCommonClasses (56ms)
	RebuildNativeTypeToScriptingClass (19ms)
	initialDomainReloadingComplete (50ms)
	LoadAllAssembliesAndSetupDomain (740ms)
		LoadAssemblies (542ms)
		RebuildTransferFunctionScriptingTraits (0ms)
		AnalyzeDomain (341ms)
			TypeCache.Refresh (12ms)
				TypeCache.ScanAssembly (0ms)
			BuildScriptInfoCaches (300ms)
			ResolveRequiredComponents (25ms)
	FinalizeReload (1292ms)
		ReleaseScriptCaches (0ms)
		RebuildScriptCaches (0ms)
		SetupLoadedEditorAssemblies (965ms)
			LogAssemblyErrors (0ms)
			InitializePlatformSupportModulesInManaged (5ms)
			SetLoadedEditorAssemblies (8ms)
			BeforeProcessingInitializeOnLoad (207ms)
			ProcessInitializeOnLoadAttributes (621ms)
			ProcessInitializeOnLoadMethodAttributes (118ms)
			AfterProcessingInitializeOnLoad (6ms)
			EditorAssembliesLoaded (1ms)
		ExecutionOrderSort2 (0ms)
		AwakeInstancesAfterBackupRestoration (20ms)
Refreshing native plugins compatible for Editor in 2.73 ms, found 4 plugins.
Preloading 0 native plugins for Editor in 0.00 ms.
Unloading 29 Unused Serialized files (Serialized files now loaded: 0)
Unloading 7425 unused Assets / (7.6 MB). Loaded Objects now: 8355.
Memory consumption went from 155.9 MB to 148.4 MB.
Total: 18.682000 ms (FindLiveObjects: 1.047400 ms CreateObjectMapping: 0.899400 ms MarkObjects: 8.549600 ms  DeleteObjects: 8.183200 ms)

Prepare: number of updated asset objects reloaded= 0
========================================================================
Received Prepare
Begin MonoManager ReloadAssembly
Symbol file LoadedFromMemory is not a mono symbol file
- Loaded All Assemblies, in  1.148 seconds
Refreshing native plugins compatible for Editor in 2.57 ms, found 4 plugins.
Native extension for WindowsStandalone target not found
Native extension for WebGL target not found
Mono: successfully reloaded assembly
- Finished resetting the current domain, in  1.130 seconds
Domain Reload Profiling: 2278ms
	BeginReloadAssembly (290ms)
		ExecutionOrderSort (0ms)
		DisableScriptedObjects (9ms)
		BackupInstance (0ms)
		ReleaseScriptingObjects (0ms)
		CreateAndSetChildDomain (68ms)
	RebuildCommonClasses (60ms)
	RebuildNativeTypeToScriptingClass (14ms)
	initialDomainReloadingComplete (32ms)
	LoadAllAssembliesAndSetupDomain (752ms)
		LoadAssemblies (564ms)
		RebuildTransferFunctionScriptingTraits (0ms)
		AnalyzeDomain (324ms)
			TypeCache.Refresh (12ms)
				TypeCache.ScanAssembly (1ms)
			BuildScriptInfoCaches (283ms)
			ResolveRequiredComponents (24ms)
	FinalizeReload (1131ms)
		ReleaseScriptCaches (0ms)
		RebuildScriptCaches (0ms)
		SetupLoadedEditorAssemblies (834ms)
			LogAssemblyErrors (0ms)
			InitializePlatformSupportModulesInManaged (7ms)
			SetLoadedEditorAssemblies (6ms)
			BeforeProcessingInitializeOnLoad (173ms)
			ProcessInitializeOnLoadAttributes (478ms)
			ProcessInitializeOnLoadMethodAttributes (159ms)
			AfterProcessingInitializeOnLoad (9ms)
			EditorAssembliesLoaded (0ms)
		ExecutionOrderSort2 (0ms)
		AwakeInstancesAfterBackupRestoration (15ms)
Refreshing native plugins compatible for Editor in 3.73 ms, found 4 plugins.
Preloading 0 native plugins for Editor in 0.00 ms.
Unloading 29 Unused Serialized files (Serialized files now loaded: 0)
Unloading 7425 unused Assets / (6.0 MB). Loaded Objects now: 8360.
Memory consumption went from 156.0 MB to 150.0 MB.
Total: 13.873600 ms (FindLiveObjects: 0.947700 ms CreateObjectMapping: 1.286500 ms MarkObjects: 5.826500 ms  DeleteObjects: 5.811400 ms)

Prepare: number of updated asset objects reloaded= 0
========================================================================
Received Prepare
Begin MonoManager ReloadAssembly
Symbol file LoadedFromMemory is not a mono symbol file
- Loaded All Assemblies, in  1.070 seconds
Refreshing native plugins compatible for Editor in 2.92 ms, found 4 plugins.
Native extension for WindowsStandalone target not found
Native extension for WebGL target not found
Mono: successfully reloaded assembly
- Finished resetting the current domain, in  1.256 seconds
Domain Reload Profiling: 2325ms
	BeginReloadAssembly (261ms)
		ExecutionOrderSort (0ms)
		DisableScriptedObjects (9ms)
		BackupInstance (0ms)
		ReleaseScriptingObjects (0ms)
		CreateAndSetChildDomain (56ms)
	RebuildCommonClasses (81ms)
	RebuildNativeTypeToScriptingClass (15ms)
	initialDomainReloadingComplete (52ms)
	LoadAllAssembliesAndSetupDomain (659ms)
		LoadAssemblies (457ms)
		RebuildTransferFunctionScriptingTraits (0ms)
		AnalyzeDomain (323ms)
			TypeCache.Refresh (12ms)
				TypeCache.ScanAssembly (0ms)
			BuildScriptInfoCaches (292ms)
			ResolveRequiredComponents (16ms)
	FinalizeReload (1257ms)
		ReleaseScriptCaches (0ms)
		RebuildScriptCaches (0ms)
		SetupLoadedEditorAssemblies (946ms)
			LogAssemblyErrors (0ms)
			InitializePlatformSupportModulesInManaged (3ms)
			SetLoadedEditorAssemblies (5ms)
			BeforeProcessingInitializeOnLoad (185ms)
			ProcessInitializeOnLoadAttributes (548ms)
			ProcessInitializeOnLoadMethodAttributes (196ms)
			AfterProcessingInitializeOnLoad (8ms)
			EditorAssembliesLoaded (1ms)
		ExecutionOrderSort2 (0ms)
		AwakeInstancesAfterBackupRestoration (29ms)
Refreshing native plugins compatible for Editor in 1.61 ms, found 4 plugins.
Preloading 0 native plugins for Editor in 0.00 ms.
Unloading 29 Unused Serialized files (Serialized files now loaded: 0)
Unloading 7425 unused Assets / (9.0 MB). Loaded Objects now: 8365.
Memory consumption went from 156.0 MB to 147.0 MB.
Total: 26.687500 ms (FindLiveObjects: 0.920000 ms CreateObjectMapping: 0.793300 ms MarkObjects: 5.678900 ms  DeleteObjects: 19.293200 ms)

Prepare: number of updated asset objects reloaded= 0
========================================================================
Received Prepare
Begin MonoManager ReloadAssembly
Symbol file LoadedFromMemory is not a mono symbol file
- Loaded All Assemblies, in  1.598 seconds
Refreshing native plugins compatible for Editor in 3.11 ms, found 4 plugins.
Native extension for WindowsStandalone target not found
Native extension for WebGL target not found
Mono: successfully reloaded assembly
- Finished resetting the current domain, in  1.701 seconds
Domain Reload Profiling: 3301ms
	BeginReloadAssembly (510ms)
		ExecutionOrderSort (0ms)
		DisableScriptedObjects (74ms)
		BackupInstance (0ms)
		ReleaseScriptingObjects (0ms)
		CreateAndSetChildDomain (96ms)
	RebuildCommonClasses (69ms)
	RebuildNativeTypeToScriptingClass (25ms)
	initialDomainReloadingComplete (51ms)
	LoadAllAssembliesAndSetupDomain (944ms)
		LoadAssemblies (618ms)
		RebuildTransferFunctionScriptingTraits (0ms)
		AnalyzeDomain (481ms)
			TypeCache.Refresh (21ms)
				TypeCache.ScanAssembly (2ms)
			BuildScriptInfoCaches (428ms)
			ResolveRequiredComponents (25ms)
	FinalizeReload (1702ms)
		ReleaseScriptCaches (0ms)
		RebuildScriptCaches (0ms)
		SetupLoadedEditorAssemblies (1267ms)
			LogAssemblyErrors (0ms)
			InitializePlatformSupportModulesInManaged (5ms)
			SetLoadedEditorAssemblies (7ms)
			BeforeProcessingInitializeOnLoad (282ms)
			ProcessInitializeOnLoadAttributes (773ms)
			ProcessInitializeOnLoadMethodAttributes (190ms)
			AfterProcessingInitializeOnLoad (8ms)
			EditorAssembliesLoaded (1ms)
		ExecutionOrderSort2 (0ms)
		AwakeInstancesAfterBackupRestoration (29ms)
Refreshing native plugins compatible for Editor in 6.58 ms, found 4 plugins.
Preloading 0 native plugins for Editor in 0.00 ms.
Unloading 29 Unused Serialized files (Serialized files now loaded: 0)
Unloading 7425 unused Assets / (6.4 MB). Loaded Objects now: 8370.
Memory consumption went from 156.0 MB to 149.6 MB.
Total: 30.006400 ms (FindLiveObjects: 2.188800 ms CreateObjectMapping: 1.943400 ms MarkObjects: 14.471800 ms  DeleteObjects: 11.398700 ms)

Prepare: number of updated asset objects reloaded= 0
========================================================================
Received Prepare
Begin MonoManager ReloadAssembly
Symbol file LoadedFromMemory is not a mono symbol file
- Loaded All Assemblies, in  2.572 seconds
Refreshing native plugins compatible for Editor in 2.55 ms, found 4 plugins.
Native extension for WindowsStandalone target not found
Native extension for WebGL target not found
Mono: successfully reloaded assembly
- Finished resetting the current domain, in  1.959 seconds
Domain Reload Profiling: 4530ms
	BeginReloadAssembly (755ms)
		ExecutionOrderSort (0ms)
		DisableScriptedObjects (25ms)
		BackupInstance (0ms)
		ReleaseScriptingObjects (1ms)
		CreateAndSetChildDomain (207ms)
	RebuildCommonClasses (195ms)
	RebuildNativeTypeToScriptingClass (14ms)
	initialDomainReloadingComplete (161ms)
	LoadAllAssembliesAndSetupDomain (1445ms)
		LoadAssemblies (1016ms)
		RebuildTransferFunctionScriptingTraits (0ms)
		AnalyzeDomain (741ms)
			TypeCache.Refresh (12ms)
				TypeCache.ScanAssembly (0ms)
			BuildScriptInfoCaches (679ms)
			ResolveRequiredComponents (40ms)
	FinalizeReload (1960ms)
		ReleaseScriptCaches (0ms)
		RebuildScriptCaches (0ms)
		SetupLoadedEditorAssemblies (1415ms)
			LogAssemblyErrors (0ms)
			InitializePlatformSupportModulesInManaged (10ms)
			SetLoadedEditorAssemblies (13ms)
			BeforeProcessingInitializeOnLoad (334ms)
			ProcessInitializeOnLoadAttributes (859ms)
			ProcessInitializeOnLoadMethodAttributes (190ms)
			AfterProcessingInitializeOnLoad (8ms)
			EditorAssembliesLoaded (0ms)
		ExecutionOrderSort2 (0ms)
		AwakeInstancesAfterBackupRestoration (33ms)
Refreshing native plugins compatible for Editor in 5.94 ms, found 4 plugins.
Preloading 0 native plugins for Editor in 0.00 ms.
Unloading 29 Unused Serialized files (Serialized files now loaded: 0)
Unloading 7425 unused Assets / (7.4 MB). Loaded Objects now: 8375.
Memory consumption went from 156.0 MB to 148.6 MB.
Total: 38.728100 ms (FindLiveObjects: 1.697100 ms CreateObjectMapping: 3.516700 ms MarkObjects: 16.636300 ms  DeleteObjects: 16.875400 ms)

Prepare: number of updated asset objects reloaded= 0
========================================================================
Received Prepare
Begin MonoManager ReloadAssembly
Symbol file LoadedFromMemory is not a mono symbol file
- Loaded All Assemblies, in  1.376 seconds
Refreshing native plugins compatible for Editor in 12.03 ms, found 4 plugins.
Native extension for WindowsStandalone target not found
Native extension for WebGL target not found
Mono: successfully reloaded assembly
- Finished resetting the current domain, in  1.918 seconds
Domain Reload Profiling: 3290ms
	BeginReloadAssembly (346ms)
		ExecutionOrderSort (0ms)
		DisableScriptedObjects (11ms)
		BackupInstance (0ms)
		ReleaseScriptingObjects (0ms)
		CreateAndSetChildDomain (95ms)
	RebuildCommonClasses (67ms)
	RebuildNativeTypeToScriptingClass (19ms)
	initialDomainReloadingComplete (53ms)
	LoadAllAssembliesAndSetupDomain (886ms)
		LoadAssemblies (618ms)
		RebuildTransferFunctionScriptingTraits (0ms)
		AnalyzeDomain (425ms)
			TypeCache.Refresh (18ms)
				TypeCache.ScanAssembly (2ms)
			BuildScriptInfoCaches (380ms)
			ResolveRequiredComponents (21ms)
	FinalizeReload (1919ms)
		ReleaseScriptCaches (0ms)
		RebuildScriptCaches (0ms)
		SetupLoadedEditorAssemblies (1258ms)
			LogAssemblyErrors (0ms)
			InitializePlatformSupportModulesInManaged (10ms)
			SetLoadedEditorAssemblies (6ms)
			BeforeProcessingInitializeOnLoad (329ms)
			ProcessInitializeOnLoadAttributes (727ms)
			ProcessInitializeOnLoadMethodAttributes (176ms)
			AfterProcessingInitializeOnLoad (10ms)
			EditorAssembliesLoaded (1ms)
		ExecutionOrderSort2 (0ms)
		AwakeInstancesAfterBackupRestoration (26ms)
Refreshing native plugins compatible for Editor in 3.11 ms, found 4 plugins.
Preloading 0 native plugins for Editor in 0.00 ms.
Unloading 29 Unused Serialized files (Serialized files now loaded: 0)
Unloading 7425 unused Assets / (7.3 MB). Loaded Objects now: 8380.
Memory consumption went from 155.9 MB to 148.6 MB.
Total: 19.784100 ms (FindLiveObjects: 1.144400 ms CreateObjectMapping: 1.502000 ms MarkObjects: 8.914500 ms  DeleteObjects: 8.220600 ms)

Prepare: number of updated asset objects reloaded= 0
========================================================================
Received Prepare
Begin MonoManager ReloadAssembly
Symbol file LoadedFromMemory is not a mono symbol file
- Loaded All Assemblies, in  1.026 seconds
Refreshing native plugins compatible for Editor in 1.94 ms, found 4 plugins.
Native extension for WindowsStandalone target not found
Native extension for WebGL target not found
Mono: successfully reloaded assembly
- Finished resetting the current domain, in  1.160 seconds
Domain Reload Profiling: 2186ms
	BeginReloadAssembly (246ms)
		ExecutionOrderSort (0ms)
		DisableScriptedObjects (12ms)
		BackupInstance (0ms)
		ReleaseScriptingObjects (0ms)
		CreateAndSetChildDomain (65ms)
	RebuildCommonClasses (60ms)
	RebuildNativeTypeToScriptingClass (25ms)
	initialDomainReloadingComplete (41ms)
	LoadAllAssembliesAndSetupDomain (653ms)
		LoadAssemblies (433ms)
		RebuildTransferFunctionScriptingTraits (0ms)
		AnalyzeDomain (330ms)
			TypeCache.Refresh (11ms)
				TypeCache.ScanAssembly (0ms)
			BuildScriptInfoCaches (301ms)
			ResolveRequiredComponents (13ms)
	FinalizeReload (1161ms)
		ReleaseScriptCaches (0ms)
		RebuildScriptCaches (0ms)
		SetupLoadedEditorAssemblies (880ms)
			LogAssemblyErrors (0ms)
			InitializePlatformSupportModulesInManaged (4ms)
			SetLoadedEditorAssemblies (7ms)
			BeforeProcessingInitializeOnLoad (192ms)
			ProcessInitializeOnLoadAttributes (559ms)
			ProcessInitializeOnLoadMethodAttributes (111ms)
			AfterProcessingInitializeOnLoad (7ms)
			EditorAssembliesLoaded (0ms)
		ExecutionOrderSort2 (0ms)
		AwakeInstancesAfterBackupRestoration (22ms)
Refreshing native plugins compatible for Editor in 1.99 ms, found 4 plugins.
Preloading 0 native plugins for Editor in 0.00 ms.
Unloading 29 Unused Serialized files (Serialized files now loaded: 0)
Unloading 7425 unused Assets / (8.3 MB). Loaded Objects now: 8385.
Memory consumption went from 156.0 MB to 147.7 MB.
Total: 18.562300 ms (FindLiveObjects: 1.140400 ms CreateObjectMapping: 1.491300 ms MarkObjects: 8.953800 ms  DeleteObjects: 6.974200 ms)

Prepare: number of updated asset objects reloaded= 0
========================================================================
Received Prepare
Begin MonoManager ReloadAssembly
Symbol file LoadedFromMemory is not a mono symbol file
- Loaded All Assemblies, in  1.404 seconds
Refreshing native plugins compatible for Editor in 2.61 ms, found 4 plugins.
Native extension for WindowsStandalone target not found
Native extension for WebGL target not found
Mono: successfully reloaded assembly
- Finished resetting the current domain, in  1.143 seconds
Domain Reload Profiling: 2546ms
	BeginReloadAssembly (407ms)
		ExecutionOrderSort (0ms)
		DisableScriptedObjects (26ms)
		BackupInstance (0ms)
		ReleaseScriptingObjects (1ms)
		CreateAndSetChildDomain (127ms)
	RebuildCommonClasses (68ms)
	RebuildNativeTypeToScriptingClass (17ms)
	initialDomainReloadingComplete (52ms)
	LoadAllAssembliesAndSetupDomain (859ms)
		LoadAssemblies (624ms)
		RebuildTransferFunctionScriptingTraits (0ms)
		AnalyzeDomain (372ms)
			TypeCache.Refresh (19ms)
				TypeCache.ScanAssembly (2ms)
			BuildScriptInfoCaches (326ms)
			ResolveRequiredComponents (21ms)
	FinalizeReload (1144ms)
		ReleaseScriptCaches (0ms)
		RebuildScriptCaches (0ms)
		SetupLoadedEditorAssemblies (876ms)
			LogAssemblyErrors (0ms)
			InitializePlatformSupportModulesInManaged (4ms)
			SetLoadedEditorAssemblies (7ms)
			BeforeProcessingInitializeOnLoad (162ms)
			ProcessInitializeOnLoadAttributes (533ms)
			ProcessInitializeOnLoadMethodAttributes (161ms)
			AfterProcessingInitializeOnLoad (9ms)
			EditorAssembliesLoaded (0ms)
		ExecutionOrderSort2 (0ms)
		AwakeInstancesAfterBackupRestoration (20ms)
Refreshing native plugins compatible for Editor in 1.91 ms, found 4 plugins.
Preloading 0 native plugins for Editor in 0.00 ms.
Unloading 29 Unused Serialized files (Serialized files now loaded: 0)
Unloading 7425 unused Assets / (6.9 MB). Loaded Objects now: 8390.
Memory consumption went from 156.0 MB to 149.1 MB.
Total: 13.031900 ms (FindLiveObjects: 1.574200 ms CreateObjectMapping: 0.795900 ms MarkObjects: 5.395700 ms  DeleteObjects: 5.264200 ms)

Prepare: number of updated asset objects reloaded= 0
========================================================================
Received Prepare
Begin MonoManager ReloadAssembly
Symbol file LoadedFromMemory is not a mono symbol file
- Loaded All Assemblies, in  0.983 seconds
Refreshing native plugins compatible for Editor in 2.55 ms, found 4 plugins.
Native extension for WindowsStandalone target not found
Native extension for WebGL target not found
Mono: successfully reloaded assembly
- Finished resetting the current domain, in  1.067 seconds
Domain Reload Profiling: 2051ms
	BeginReloadAssembly (246ms)
		ExecutionOrderSort (0ms)
		DisableScriptedObjects (7ms)
		BackupInstance (0ms)
		ReleaseScriptingObjects (0ms)
		CreateAndSetChildDomain (65ms)
	RebuildCommonClasses (44ms)
	RebuildNativeTypeToScriptingClass (17ms)
	initialDomainReloadingComplete (32ms)
	LoadAllAssembliesAndSetupDomain (646ms)
		LoadAssemblies (437ms)
		RebuildTransferFunctionScriptingTraits (0ms)
		AnalyzeDomain (321ms)
			TypeCache.Refresh (10ms)
				TypeCache.ScanAssembly (0ms)
			BuildScriptInfoCaches (289ms)
			ResolveRequiredComponents (16ms)
	FinalizeReload (1067ms)
		ReleaseScriptCaches (0ms)
		RebuildScriptCaches (0ms)
		SetupLoadedEditorAssemblies (795ms)
			LogAssemblyErrors (0ms)
			InitializePlatformSupportModulesInManaged (3ms)
			SetLoadedEditorAssemblies (6ms)
			BeforeProcessingInitializeOnLoad (179ms)
			ProcessInitializeOnLoadAttributes (491ms)
			ProcessInitializeOnLoadMethodAttributes (108ms)
			AfterProcessingInitializeOnLoad (8ms)
			EditorAssembliesLoaded (0ms)
		ExecutionOrderSort2 (0ms)
		AwakeInstancesAfterBackupRestoration (23ms)
Refreshing native plugins compatible for Editor in 4.17 ms, found 4 plugins.
Preloading 0 native plugins for Editor in 0.00 ms.
Unloading 29 Unused Serialized files (Serialized files now loaded: 0)
Unloading 7425 unused Assets / (7.6 MB). Loaded Objects now: 8395.
Memory consumption went from 156.0 MB to 148.4 MB.
Total: 26.289300 ms (FindLiveObjects: 1.458000 ms CreateObjectMapping: 3.561700 ms MarkObjects: 10.100600 ms  DeleteObjects: 11.165100 ms)

Prepare: number of updated asset objects reloaded= 0
========================================================================
Received Prepare
Begin MonoManager ReloadAssembly
Symbol file LoadedFromMemory is not a mono symbol file
- Loaded All Assemblies, in  1.008 seconds
Refreshing native plugins compatible for Editor in 2.07 ms, found 4 plugins.
Native extension for WindowsStandalone target not found
Native extension for WebGL target not found
Mono: successfully reloaded assembly
- Finished resetting the current domain, in  1.033 seconds
Domain Reload Profiling: 2041ms
	BeginReloadAssembly (246ms)
		ExecutionOrderSort (0ms)
		DisableScriptedObjects (9ms)
		BackupInstance (0ms)
		ReleaseScriptingObjects (0ms)
		CreateAndSetChildDomain (62ms)
	RebuildCommonClasses (45ms)
	RebuildNativeTypeToScriptingClass (17ms)
	initialDomainReloadingComplete (38ms)
	LoadAllAssembliesAndSetupDomain (662ms)
		LoadAssemblies (461ms)
		RebuildTransferFunctionScriptingTraits (0ms)
		AnalyzeDomain (307ms)
			TypeCache.Refresh (15ms)
				TypeCache.ScanAssembly (1ms)
			BuildScriptInfoCaches (272ms)
			ResolveRequiredComponents (14ms)
	FinalizeReload (1034ms)
		ReleaseScriptCaches (0ms)
		RebuildScriptCaches (0ms)
		SetupLoadedEditorAssemblies (747ms)
			LogAssemblyErrors (0ms)
			InitializePlatformSupportModulesInManaged (4ms)
			SetLoadedEditorAssemblies (6ms)
			BeforeProcessingInitializeOnLoad (210ms)
			ProcessInitializeOnLoadAttributes (433ms)
			ProcessInitializeOnLoadMethodAttributes (89ms)
			AfterProcessingInitializeOnLoad (5ms)
			EditorAssembliesLoaded (0ms)
		ExecutionOrderSort2 (0ms)
		AwakeInstancesAfterBackupRestoration (16ms)
Refreshing native plugins compatible for Editor in 2.23 ms, found 4 plugins.
Preloading 0 native plugins for Editor in 0.00 ms.
Unloading 29 Unused Serialized files (Serialized files now loaded: 0)
Unloading 7425 unused Assets / (7.4 MB). Loaded Objects now: 8400.
Memory consumption went from 156.0 MB to 148.6 MB.
Total: 13.251200 ms (FindLiveObjects: 0.990100 ms CreateObjectMapping: 0.897200 ms MarkObjects: 6.157400 ms  DeleteObjects: 5.204300 ms)

Prepare: number of updated asset objects reloaded= 0
========================================================================
Received Prepare
Begin MonoManager ReloadAssembly
Symbol file LoadedFromMemory is not a mono symbol file
- Loaded All Assemblies, in  1.051 seconds
Refreshing native plugins compatible for Editor in 1.59 ms, found 4 plugins.
Native extension for WindowsStandalone target not found
Native extension for WebGL target not found
Mono: successfully reloaded assembly
- Finished resetting the current domain, in  1.052 seconds
Domain Reload Profiling: 2104ms
	BeginReloadAssembly (250ms)
		ExecutionOrderSort (0ms)
		DisableScriptedObjects (8ms)
		BackupInstance (0ms)
		ReleaseScriptingObjects (0ms)
		CreateAndSetChildDomain (58ms)
	RebuildCommonClasses (55ms)
	RebuildNativeTypeToScriptingClass (28ms)
	initialDomainReloadingComplete (35ms)
	LoadAllAssembliesAndSetupDomain (684ms)
		LoadAssemblies (510ms)
		RebuildTransferFunctionScriptingTraits (0ms)
		AnalyzeDomain (295ms)
			TypeCache.Refresh (10ms)
				TypeCache.ScanAssembly (0ms)
			BuildScriptInfoCaches (266ms)
			ResolveRequiredComponents (16ms)
	FinalizeReload (1053ms)
		ReleaseScriptCaches (0ms)
		RebuildScriptCaches (0ms)
		SetupLoadedEditorAssemblies (779ms)
			LogAssemblyErrors (0ms)
			InitializePlatformSupportModulesInManaged (3ms)
			SetLoadedEditorAssemblies (4ms)
			BeforeProcessingInitializeOnLoad (175ms)
			ProcessInitializeOnLoadAttributes (460ms)
			ProcessInitializeOnLoadMethodAttributes (130ms)
			AfterProcessingInitializeOnLoad (5ms)
			EditorAssembliesLoaded (0ms)
		ExecutionOrderSort2 (0ms)
		AwakeInstancesAfterBackupRestoration (17ms)
Refreshing native plugins compatible for Editor in 3.44 ms, found 4 plugins.
Preloading 0 native plugins for Editor in 0.00 ms.
Unloading 29 Unused Serialized files (Serialized files now loaded: 0)
Unloading 7425 unused Assets / (7.3 MB). Loaded Objects now: 8405.
Memory consumption went from 156.0 MB to 148.7 MB.
Total: 40.869300 ms (FindLiveObjects: 2.760700 ms CreateObjectMapping: 11.038500 ms MarkObjects: 13.445200 ms  DeleteObjects: 13.622100 ms)

Prepare: number of updated asset objects reloaded= 0
========================================================================
Received Prepare
Begin MonoManager ReloadAssembly
Symbol file LoadedFromMemory is not a mono symbol file
- Loaded All Assemblies, in  0.994 seconds
Refreshing native plugins compatible for Editor in 2.25 ms, found 4 plugins.
Native extension for WindowsStandalone target not found
Native extension for WebGL target not found
Mono: successfully reloaded assembly
- Finished resetting the current domain, in  1.086 seconds
Domain Reload Profiling: 2082ms
	BeginReloadAssembly (265ms)
		ExecutionOrderSort (0ms)
		DisableScriptedObjects (9ms)
		BackupInstance (0ms)
		ReleaseScriptingObjects (0ms)
		CreateAndSetChildDomain (58ms)
	RebuildCommonClasses (53ms)
	RebuildNativeTypeToScriptingClass (16ms)
	initialDomainReloadingComplete (32ms)
	LoadAllAssembliesAndSetupDomain (630ms)
		LoadAssemblies (478ms)
		RebuildTransferFunctionScriptingTraits (0ms)
		AnalyzeDomain (289ms)
			TypeCache.Refresh (16ms)
				TypeCache.ScanAssembly (2ms)
			BuildScriptInfoCaches (255ms)
			ResolveRequiredComponents (13ms)
	FinalizeReload (1087ms)
		ReleaseScriptCaches (0ms)
		RebuildScriptCaches (0ms)
		SetupLoadedEditorAssemblies (807ms)
			LogAssemblyErrors (0ms)
			InitializePlatformSupportModulesInManaged (3ms)
			SetLoadedEditorAssemblies (5ms)
			BeforeProcessingInitializeOnLoad (183ms)
			ProcessInitializeOnLoadAttributes (500ms)
			ProcessInitializeOnLoadMethodAttributes (110ms)
			AfterProcessingInitializeOnLoad (6ms)
			EditorAssembliesLoaded (0ms)
		ExecutionOrderSort2 (0ms)
		AwakeInstancesAfterBackupRestoration (27ms)
Refreshing native plugins compatible for Editor in 2.04 ms, found 4 plugins.
Preloading 0 native plugins for Editor in 0.00 ms.
Unloading 29 Unused Serialized files (Serialized files now loaded: 0)
Unloading 7425 unused Assets / (7.7 MB). Loaded Objects now: 8410.
Memory consumption went from 156.0 MB to 148.3 MB.
Total: 16.488900 ms (FindLiveObjects: 0.936300 ms CreateObjectMapping: 1.000300 ms MarkObjects: 6.517200 ms  DeleteObjects: 8.033300 ms)

Prepare: number of updated asset objects reloaded= 0
========================================================================
Received Prepare
Begin MonoManager ReloadAssembly
Symbol file LoadedFromMemory is not a mono symbol file
- Loaded All Assemblies, in  0.954 seconds
Refreshing native plugins compatible for Editor in 2.30 ms, found 4 plugins.
Native extension for WindowsStandalone target not found
Native extension for WebGL target not found
Mono: successfully reloaded assembly
- Finished resetting the current domain, in  1.074 seconds
Domain Reload Profiling: 2028ms
	BeginReloadAssembly (237ms)
		ExecutionOrderSort (0ms)
		DisableScriptedObjects (8ms)
		BackupInstance (0ms)
		ReleaseScriptingObjects (0ms)
		CreateAndSetChildDomain (59ms)
	RebuildCommonClasses (44ms)
	RebuildNativeTypeToScriptingClass (16ms)
	initialDomainReloadingComplete (38ms)
	LoadAllAssembliesAndSetupDomain (618ms)
		LoadAssemblies (430ms)
		RebuildTransferFunctionScriptingTraits (0ms)
		AnalyzeDomain (297ms)
			TypeCache.Refresh (11ms)
				TypeCache.ScanAssembly (0ms)
			BuildScriptInfoCaches (260ms)
			ResolveRequiredComponents (20ms)
	FinalizeReload (1075ms)
		ReleaseScriptCaches (0ms)
		RebuildScriptCaches (0ms)
		SetupLoadedEditorAssemblies (812ms)
			LogAssemblyErrors (0ms)
			InitializePlatformSupportModulesInManaged (4ms)
			SetLoadedEditorAssemblies (6ms)
			BeforeProcessingInitializeOnLoad (198ms)
			ProcessInitializeOnLoadAttributes (488ms)
			ProcessInitializeOnLoadMethodAttributes (110ms)
			AfterProcessingInitializeOnLoad (5ms)
			EditorAssembliesLoaded (0ms)
		ExecutionOrderSort2 (0ms)
		AwakeInstancesAfterBackupRestoration (16ms)
Refreshing native plugins compatible for Editor in 3.30 ms, found 4 plugins.
Preloading 0 native plugins for Editor in 0.00 ms.
Unloading 29 Unused Serialized files (Serialized files now loaded: 0)
Unloading 7425 unused Assets / (7.4 MB). Loaded Objects now: 8415.
Memory consumption went from 156.0 MB to 148.7 MB.
Total: 28.783700 ms (FindLiveObjects: 3.774900 ms CreateObjectMapping: 2.996000 ms MarkObjects: 12.361100 ms  DeleteObjects: 9.648200 ms)

Prepare: number of updated asset objects reloaded= 0
========================================================================
Received Prepare
Begin MonoManager ReloadAssembly
Symbol file LoadedFromMemory is not a mono symbol file
- Loaded All Assemblies, in  1.009 seconds
Refreshing native plugins compatible for Editor in 1.97 ms, found 4 plugins.
Native extension for WindowsStandalone target not found
Native extension for WebGL target not found
Mono: successfully reloaded assembly
- Finished resetting the current domain, in  1.029 seconds
Domain Reload Profiling: 2053ms
	BeginReloadAssembly (244ms)
		ExecutionOrderSort (0ms)
		DisableScriptedObjects (10ms)
		BackupInstance (0ms)
		ReleaseScriptingObjects (0ms)
		CreateAndSetChildDomain (64ms)
	RebuildCommonClasses (53ms)
	RebuildNativeTypeToScriptingClass (13ms)
	initialDomainReloadingComplete (35ms)
	LoadAllAssembliesAndSetupDomain (678ms)
		LoadAssemblies (427ms)
		RebuildTransferFunctionScriptingTraits (0ms)
		AnalyzeDomain (342ms)
			TypeCache.Refresh (16ms)
				TypeCache.ScanAssembly (3ms)
			BuildScriptInfoCaches (297ms)
			ResolveRequiredComponents (24ms)
	FinalizeReload (1030ms)
		ReleaseScriptCaches (0ms)
		RebuildScriptCaches (0ms)
		SetupLoadedEditorAssemblies (792ms)
			LogAssemblyErrors (0ms)
			InitializePlatformSupportModulesInManaged (4ms)
			SetLoadedEditorAssemblies (7ms)
			BeforeProcessingInitializeOnLoad (184ms)
			ProcessInitializeOnLoadAttributes (486ms)
			ProcessInitializeOnLoadMethodAttributes (104ms)
			AfterProcessingInitializeOnLoad (7ms)
			EditorAssembliesLoaded (0ms)
		ExecutionOrderSort2 (0ms)
		AwakeInstancesAfterBackupRestoration (14ms)
Refreshing native plugins compatible for Editor in 4.45 ms, found 4 plugins.
Preloading 0 native plugins for Editor in 0.00 ms.
Unloading 29 Unused Serialized files (Serialized files now loaded: 0)
Unloading 7425 unused Assets / (6.9 MB). Loaded Objects now: 8420.
Memory consumption went from 156.1 MB to 149.2 MB.
Total: 25.980200 ms (FindLiveObjects: 1.819300 ms CreateObjectMapping: 2.285900 ms MarkObjects: 10.942600 ms  DeleteObjects: 10.930500 ms)

Prepare: number of updated asset objects reloaded= 0
========================================================================
Received Prepare
Begin MonoManager ReloadAssembly
Symbol file LoadedFromMemory is not a mono symbol file
- Loaded All Assemblies, in  1.018 seconds
Refreshing native plugins compatible for Editor in 2.59 ms, found 4 plugins.
Native extension for WindowsStandalone target not found
Native extension for WebGL target not found
Mono: successfully reloaded assembly
- Finished resetting the current domain, in  1.060 seconds
Domain Reload Profiling: 2076ms
	BeginReloadAssembly (250ms)
		ExecutionOrderSort (0ms)
		DisableScriptedObjects (11ms)
		BackupInstance (0ms)
		ReleaseScriptingObjects (0ms)
		CreateAndSetChildDomain (62ms)
	RebuildCommonClasses (59ms)
	RebuildNativeTypeToScriptingClass (19ms)
	initialDomainReloadingComplete (43ms)
	LoadAllAssembliesAndSetupDomain (644ms)
		LoadAssemblies (453ms)
		RebuildTransferFunctionScriptingTraits (0ms)
		AnalyzeDomain (312ms)
			TypeCache.Refresh (10ms)
				TypeCache.ScanAssembly (0ms)
			BuildScriptInfoCaches (281ms)
			ResolveRequiredComponents (15ms)
	FinalizeReload (1061ms)
		ReleaseScriptCaches (0ms)
		RebuildScriptCaches (0ms)
		SetupLoadedEditorAssemblies (792ms)
			LogAssemblyErrors (0ms)
			InitializePlatformSupportModulesInManaged (3ms)
			SetLoadedEditorAssemblies (7ms)
			BeforeProcessingInitializeOnLoad (175ms)
			ProcessInitializeOnLoadAttributes (467ms)
			ProcessInitializeOnLoadMethodAttributes (133ms)
			AfterProcessingInitializeOnLoad (6ms)
			EditorAssembliesLoaded (0ms)
		ExecutionOrderSort2 (0ms)
		AwakeInstancesAfterBackupRestoration (21ms)
Refreshing native plugins compatible for Editor in 3.59 ms, found 4 plugins.
Preloading 0 native plugins for Editor in 0.00 ms.
Unloading 29 Unused Serialized files (Serialized files now loaded: 0)
Unloading 7425 unused Assets / (6.6 MB). Loaded Objects now: 8425.
Memory consumption went from 156.1 MB to 149.5 MB.
Total: 25.261200 ms (FindLiveObjects: 1.253400 ms CreateObjectMapping: 1.870300 ms MarkObjects: 13.976400 ms  DeleteObjects: 8.158600 ms)

Prepare: number of updated asset objects reloaded= 0
========================================================================
Received Prepare
Begin MonoManager ReloadAssembly
Symbol file LoadedFromMemory is not a mono symbol file
- Loaded All Assemblies, in  1.134 seconds
Refreshing native plugins compatible for Editor in 2.48 ms, found 4 plugins.
Native extension for WindowsStandalone target not found
Native extension for WebGL target not found
Mono: successfully reloaded assembly
- Finished resetting the current domain, in  1.702 seconds
Domain Reload Profiling: 2836ms
	BeginReloadAssembly (321ms)
		ExecutionOrderSort (0ms)
		DisableScriptedObjects (12ms)
		BackupInstance (0ms)
		ReleaseScriptingObjects (0ms)
		CreateAndSetChildDomain (83ms)
	RebuildCommonClasses (75ms)
	RebuildNativeTypeToScriptingClass (23ms)
	initialDomainReloadingComplete (50ms)
	LoadAllAssembliesAndSetupDomain (664ms)
		LoadAssemblies (521ms)
		RebuildTransferFunctionScriptingTraits (0ms)
		AnalyzeDomain (295ms)
			TypeCache.Refresh (18ms)
				TypeCache.ScanAssembly (2ms)
			BuildScriptInfoCaches (256ms)
			ResolveRequiredComponents (15ms)
	FinalizeReload (1703ms)
		ReleaseScriptCaches (0ms)
		RebuildScriptCaches (0ms)
		SetupLoadedEditorAssemblies (1412ms)
			LogAssemblyErrors (0ms)
			InitializePlatformSupportModulesInManaged (4ms)
			SetLoadedEditorAssemblies (8ms)
			BeforeProcessingInitializeOnLoad (561ms)
			ProcessInitializeOnLoadAttributes (672ms)
			ProcessInitializeOnLoadMethodAttributes (157ms)
			AfterProcessingInitializeOnLoad (9ms)
			EditorAssembliesLoaded (0ms)
		ExecutionOrderSort2 (0ms)
		AwakeInstancesAfterBackupRestoration (22ms)
Refreshing native plugins compatible for Editor in 3.74 ms, found 4 plugins.
Preloading 0 native plugins for Editor in 0.00 ms.
Unloading 29 Unused Serialized files (Serialized files now loaded: 0)
Unloading 7425 unused Assets / (6.6 MB). Loaded Objects now: 8430.
Memory consumption went from 156.0 MB to 149.4 MB.
Total: 18.391500 ms (FindLiveObjects: 1.394700 ms CreateObjectMapping: 1.881300 ms MarkObjects: 7.311600 ms  DeleteObjects: 7.801600 ms)

Prepare: number of updated asset objects reloaded= 0
========================================================================
Received Prepare
Begin MonoManager ReloadAssembly
Symbol file LoadedFromMemory is not a mono symbol file
- Loaded All Assemblies, in  1.076 seconds
Refreshing native plugins compatible for Editor in 1.78 ms, found 4 plugins.
Native extension for WindowsStandalone target not found
Native extension for WebGL target not found
Mono: successfully reloaded assembly
- Finished resetting the current domain, in  1.117 seconds
Domain Reload Profiling: 2196ms
	BeginReloadAssembly (261ms)
		ExecutionOrderSort (0ms)
		DisableScriptedObjects (8ms)
		BackupInstance (0ms)
		ReleaseScriptingObjects (0ms)
		CreateAndSetChildDomain (68ms)
	RebuildCommonClasses (54ms)
	RebuildNativeTypeToScriptingClass (23ms)
	initialDomainReloadingComplete (39ms)
	LoadAllAssembliesAndSetupDomain (702ms)
		LoadAssemblies (473ms)
		RebuildTransferFunctionScriptingTraits (0ms)
		AnalyzeDomain (350ms)
			TypeCache.Refresh (16ms)
				TypeCache.ScanAssembly (0ms)
			BuildScriptInfoCaches (313ms)
			ResolveRequiredComponents (16ms)
	FinalizeReload (1118ms)
		ReleaseScriptCaches (0ms)
		RebuildScriptCaches (0ms)
		SetupLoadedEditorAssemblies (836ms)
			LogAssemblyErrors (0ms)
			InitializePlatformSupportModulesInManaged (4ms)
			SetLoadedEditorAssemblies (7ms)
			BeforeProcessingInitializeOnLoad (177ms)
			ProcessInitializeOnLoadAttributes (510ms)
			ProcessInitializeOnLoadMethodAttributes (130ms)
			AfterProcessingInitializeOnLoad (6ms)
			EditorAssembliesLoaded (0ms)
		ExecutionOrderSort2 (0ms)
		AwakeInstancesAfterBackupRestoration (18ms)
Refreshing native plugins compatible for Editor in 3.05 ms, found 4 plugins.
Preloading 0 native plugins for Editor in 0.00 ms.
Unloading 29 Unused Serialized files (Serialized files now loaded: 0)
Unloading 7425 unused Assets / (7.1 MB). Loaded Objects now: 8435.
Memory consumption went from 156.1 MB to 149.0 MB.
Total: 21.235900 ms (FindLiveObjects: 1.020400 ms CreateObjectMapping: 2.311700 ms MarkObjects: 10.376300 ms  DeleteObjects: 7.525700 ms)

Prepare: number of updated asset objects reloaded= 0
========================================================================
Received Prepare
Begin MonoManager ReloadAssembly
Symbol file LoadedFromMemory is not a mono symbol file
- Loaded All Assemblies, in  5.069 seconds
Refreshing native plugins compatible for Editor in 1.65 ms, found 4 plugins.
Native extension for WindowsStandalone target not found
Native extension for WebGL target not found
Mono: successfully reloaded assembly
- Finished resetting the current domain, in  1.540 seconds
Domain Reload Profiling: 6610ms
	BeginReloadAssembly (1519ms)
		ExecutionOrderSort (0ms)
		DisableScriptedObjects (79ms)
		BackupInstance (0ms)
		ReleaseScriptingObjects (1ms)
		CreateAndSetChildDomain (677ms)
	RebuildCommonClasses (110ms)
	RebuildNativeTypeToScriptingClass (30ms)
	initialDomainReloadingComplete (77ms)
	LoadAllAssembliesAndSetupDomain (3333ms)
		LoadAssemblies (2039ms)
		RebuildTransferFunctionScriptingTraits (0ms)
		AnalyzeDomain (1643ms)
			TypeCache.Refresh (116ms)
				TypeCache.ScanAssembly (3ms)
			BuildScriptInfoCaches (1498ms)
			ResolveRequiredComponents (21ms)
	FinalizeReload (1541ms)
		ReleaseScriptCaches (0ms)
		RebuildScriptCaches (0ms)
		SetupLoadedEditorAssemblies (953ms)
			LogAssemblyErrors (0ms)
			InitializePlatformSupportModulesInManaged (6ms)
			SetLoadedEditorAssemblies (7ms)
			BeforeProcessingInitializeOnLoad (226ms)
			ProcessInitializeOnLoadAttributes (580ms)
			ProcessInitializeOnLoadMethodAttributes (124ms)
			AfterProcessingInitializeOnLoad (10ms)
			EditorAssembliesLoaded (0ms)
		ExecutionOrderSort2 (0ms)
		AwakeInstancesAfterBackupRestoration (20ms)
Refreshing native plugins compatible for Editor in 2.52 ms, found 4 plugins.
Preloading 0 native plugins for Editor in 0.00 ms.
Unloading 29 Unused Serialized files (Serialized files now loaded: 0)
Unloading 7425 unused Assets / (6.9 MB). Loaded Objects now: 8440.
Memory consumption went from 156.1 MB to 149.2 MB.
Total: 18.095300 ms (FindLiveObjects: 1.233600 ms CreateObjectMapping: 1.449100 ms MarkObjects: 9.278200 ms  DeleteObjects: 6.130300 ms)

Prepare: number of updated asset objects reloaded= 0
========================================================================
Received Prepare
Begin MonoManager ReloadAssembly
Symbol file LoadedFromMemory is not a mono symbol file
- Loaded All Assemblies, in  1.184 seconds
Refreshing native plugins compatible for Editor in 2.30 ms, found 4 plugins.
Native extension for WindowsStandalone target not found
Native extension for WebGL target not found
Mono: successfully reloaded assembly
- Finished resetting the current domain, in  1.204 seconds
Domain Reload Profiling: 2389ms
	BeginReloadAssembly (322ms)
		ExecutionOrderSort (0ms)
		DisableScriptedObjects (11ms)
		BackupInstance (0ms)
		ReleaseScriptingObjects (0ms)
		CreateAndSetChildDomain (79ms)
	RebuildCommonClasses (56ms)
	RebuildNativeTypeToScriptingClass (28ms)
	initialDomainReloadingComplete (44ms)
	LoadAllAssembliesAndSetupDomain (735ms)
		LoadAssemblies (531ms)
		RebuildTransferFunctionScriptingTraits (0ms)
		AnalyzeDomain (350ms)
			TypeCache.Refresh (9ms)
				TypeCache.ScanAssembly (0ms)
			BuildScriptInfoCaches (321ms)
			ResolveRequiredComponents (15ms)
	FinalizeReload (1204ms)
		ReleaseScriptCaches (0ms)
		RebuildScriptCaches (0ms)
		SetupLoadedEditorAssemblies (899ms)
			LogAssemblyErrors (0ms)
			InitializePlatformSupportModulesInManaged (5ms)
			SetLoadedEditorAssemblies (12ms)
			BeforeProcessingInitializeOnLoad (191ms)
			ProcessInitializeOnLoadAttributes (553ms)
			ProcessInitializeOnLoadMethodAttributes (133ms)
			AfterProcessingInitializeOnLoad (4ms)
			EditorAssembliesLoaded (0ms)
		ExecutionOrderSort2 (0ms)
		AwakeInstancesAfterBackupRestoration (14ms)
Refreshing native plugins compatible for Editor in 2.33 ms, found 4 plugins.
Preloading 0 native plugins for Editor in 0.00 ms.
Unloading 29 Unused Serialized files (Serialized files now loaded: 0)
Unloading 7425 unused Assets / (9.2 MB). Loaded Objects now: 8445.
Memory consumption went from 156.1 MB to 146.9 MB.
Total: 29.367400 ms (FindLiveObjects: 0.861600 ms CreateObjectMapping: 0.733400 ms MarkObjects: 5.121600 ms  DeleteObjects: 22.649300 ms)

Prepare: number of updated asset objects reloaded= 0
========================================================================
Received Prepare
Begin MonoManager ReloadAssembly
Symbol file LoadedFromMemory is not a mono symbol file
- Loaded All Assemblies, in  1.279 seconds
Refreshing native plugins compatible for Editor in 3.28 ms, found 4 plugins.
Native extension for WindowsStandalone target not found
Native extension for WebGL target not found
Mono: successfully reloaded assembly
- Finished resetting the current domain, in  1.146 seconds
Domain Reload Profiling: 2427ms
	BeginReloadAssembly (377ms)
		ExecutionOrderSort (0ms)
		DisableScriptedObjects (21ms)
		BackupInstance (0ms)
		ReleaseScriptingObjects (0ms)
		CreateAndSetChildDomain (120ms)
	RebuildCommonClasses (52ms)
	RebuildNativeTypeToScriptingClass (15ms)
	initialDomainReloadingComplete (42ms)
	LoadAllAssembliesAndSetupDomain (794ms)
		LoadAssemblies (577ms)
		RebuildTransferFunctionScriptingTraits (0ms)
		AnalyzeDomain (359ms)
			TypeCache.Refresh (17ms)
				TypeCache.ScanAssembly (2ms)
			BuildScriptInfoCaches (314ms)
			ResolveRequiredComponents (22ms)
	FinalizeReload (1146ms)
		ReleaseScriptCaches (0ms)
		RebuildScriptCaches (0ms)
		SetupLoadedEditorAssemblies (798ms)
			LogAssemblyErrors (0ms)
			InitializePlatformSupportModulesInManaged (8ms)
			SetLoadedEditorAssemblies (7ms)
			BeforeProcessingInitializeOnLoad (188ms)
			ProcessInitializeOnLoadAttributes (479ms)
			ProcessInitializeOnLoadMethodAttributes (110ms)
			AfterProcessingInitializeOnLoad (5ms)
			EditorAssembliesLoaded (1ms)
		ExecutionOrderSort2 (0ms)
		AwakeInstancesAfterBackupRestoration (24ms)
Refreshing native plugins compatible for Editor in 2.61 ms, found 4 plugins.
Preloading 0 native plugins for Editor in 0.00 ms.
Unloading 29 Unused Serialized files (Serialized files now loaded: 0)
Unloading 7425 unused Assets / (8.0 MB). Loaded Objects now: 8450.
Memory consumption went from 156.1 MB to 148.1 MB.
Total: 19.416800 ms (FindLiveObjects: 1.963300 ms CreateObjectMapping: 1.602100 ms MarkObjects: 8.199900 ms  DeleteObjects: 7.649200 ms)

Prepare: number of updated asset objects reloaded= 0
========================================================================
Received Prepare
Begin MonoManager ReloadAssembly
Symbol file LoadedFromMemory is not a mono symbol file
- Loaded All Assemblies, in  1.185 seconds
Refreshing native plugins compatible for Editor in 1.65 ms, found 4 plugins.
Native extension for WindowsStandalone target not found
Native extension for WebGL target not found
Mono: successfully reloaded assembly
- Finished resetting the current domain, in  1.433 seconds
Domain Reload Profiling: 2622ms
	BeginReloadAssembly (308ms)
		ExecutionOrderSort (0ms)
		DisableScriptedObjects (12ms)
		BackupInstance (0ms)
		ReleaseScriptingObjects (0ms)
		CreateAndSetChildDomain (75ms)
	RebuildCommonClasses (50ms)
	RebuildNativeTypeToScriptingClass (18ms)
	initialDomainReloadingComplete (41ms)
	LoadAllAssembliesAndSetupDomain (771ms)
		LoadAssemblies (536ms)
		RebuildTransferFunctionScriptingTraits (0ms)
		AnalyzeDomain (373ms)
			TypeCache.Refresh (16ms)
				TypeCache.ScanAssembly (2ms)
			BuildScriptInfoCaches (329ms)
			ResolveRequiredComponents (22ms)
	FinalizeReload (1434ms)
		ReleaseScriptCaches (0ms)
		RebuildScriptCaches (0ms)
		SetupLoadedEditorAssemblies (1081ms)
			LogAssemblyErrors (0ms)
			InitializePlatformSupportModulesInManaged (6ms)
			SetLoadedEditorAssemblies (9ms)
			BeforeProcessingInitializeOnLoad (246ms)
			ProcessInitializeOnLoadAttributes (631ms)
			ProcessInitializeOnLoadMethodAttributes (180ms)
			AfterProcessingInitializeOnLoad (10ms)
			EditorAssembliesLoaded (1ms)
		ExecutionOrderSort2 (0ms)
		AwakeInstancesAfterBackupRestoration (31ms)
Refreshing native plugins compatible for Editor in 1.99 ms, found 4 plugins.
Preloading 0 native plugins for Editor in 0.00 ms.
Unloading 29 Unused Serialized files (Serialized files now loaded: 0)
Unloading 7425 unused Assets / (8.2 MB). Loaded Objects now: 8455.
Memory consumption went from 156.0 MB to 147.8 MB.
Total: 15.389300 ms (FindLiveObjects: 0.930700 ms CreateObjectMapping: 0.973000 ms MarkObjects: 5.841500 ms  DeleteObjects: 7.642400 ms)

Prepare: number of updated asset objects reloaded= 0
========================================================================
Received Prepare
Begin MonoManager ReloadAssembly
Symbol file LoadedFromMemory is not a mono symbol file
- Loaded All Assemblies, in  1.091 seconds
Refreshing native plugins compatible for Editor in 1.97 ms, found 4 plugins.
Native extension for WindowsStandalone target not found
Native extension for WebGL target not found
Mono: successfully reloaded assembly
- Finished resetting the current domain, in  1.120 seconds
Domain Reload Profiling: 2211ms
	BeginReloadAssembly (276ms)
		ExecutionOrderSort (0ms)
		DisableScriptedObjects (13ms)
		BackupInstance (0ms)
		ReleaseScriptingObjects (0ms)
		CreateAndSetChildDomain (69ms)
	RebuildCommonClasses (52ms)
	RebuildNativeTypeToScriptingClass (20ms)
	initialDomainReloadingComplete (36ms)
	LoadAllAssembliesAndSetupDomain (707ms)
		LoadAssemblies (474ms)
		RebuildTransferFunctionScriptingTraits (0ms)
		AnalyzeDomain (361ms)
			TypeCache.Refresh (9ms)
				TypeCache.ScanAssembly (0ms)
			BuildScriptInfoCaches (326ms)
			ResolveRequiredComponents (17ms)
	FinalizeReload (1121ms)
		ReleaseScriptCaches (0ms)
		RebuildScriptCaches (0ms)
		SetupLoadedEditorAssemblies (832ms)
			LogAssemblyErrors (0ms)
			InitializePlatformSupportModulesInManaged (4ms)
			SetLoadedEditorAssemblies (6ms)
			BeforeProcessingInitializeOnLoad (201ms)
			ProcessInitializeOnLoadAttributes (497ms)
			ProcessInitializeOnLoadMethodAttributes (118ms)
			AfterProcessingInitializeOnLoad (6ms)
			EditorAssembliesLoaded (0ms)
		ExecutionOrderSort2 (0ms)
		AwakeInstancesAfterBackupRestoration (22ms)
Refreshing native plugins compatible for Editor in 2.14 ms, found 4 plugins.
Preloading 0 native plugins for Editor in 0.00 ms.
Unloading 29 Unused Serialized files (Serialized files now loaded: 0)
Unloading 7425 unused Assets / (8.5 MB). Loaded Objects now: 8460.
Memory consumption went from 156.1 MB to 147.6 MB.
Total: 24.472800 ms (FindLiveObjects: 1.263300 ms CreateObjectMapping: 1.805600 ms MarkObjects: 11.255300 ms  DeleteObjects: 10.146700 ms)

Prepare: number of updated asset objects reloaded= 0
========================================================================
Received Prepare
Begin MonoManager ReloadAssembly
Symbol file LoadedFromMemory is not a mono symbol file
- Loaded All Assemblies, in  1.034 seconds
Refreshing native plugins compatible for Editor in 2.35 ms, found 4 plugins.
Native extension for WindowsStandalone target not found
Native extension for WebGL target not found
Mono: successfully reloaded assembly
- Finished resetting the current domain, in  1.086 seconds
Domain Reload Profiling: 2120ms
	BeginReloadAssembly (241ms)
		ExecutionOrderSort (0ms)
		DisableScriptedObjects (10ms)
		BackupInstance (0ms)
		ReleaseScriptingObjects (0ms)
		CreateAndSetChildDomain (60ms)
	RebuildCommonClasses (47ms)
	RebuildNativeTypeToScriptingClass (18ms)
	initialDomainReloadingComplete (39ms)
	LoadAllAssembliesAndSetupDomain (688ms)
		LoadAssemblies (463ms)
		RebuildTransferFunctionScriptingTraits (0ms)
		AnalyzeDomain (331ms)
			TypeCache.Refresh (17ms)
				TypeCache.ScanAssembly (2ms)
			BuildScriptInfoCaches (293ms)
			ResolveRequiredComponents (16ms)
	FinalizeReload (1086ms)
		ReleaseScriptCaches (0ms)
		RebuildScriptCaches (0ms)
		SetupLoadedEditorAssemblies (823ms)
			LogAssemblyErrors (0ms)
			InitializePlatformSupportModulesInManaged (3ms)
			SetLoadedEditorAssemblies (8ms)
			BeforeProcessingInitializeOnLoad (189ms)
			ProcessInitializeOnLoadAttributes (516ms)
			ProcessInitializeOnLoadMethodAttributes (99ms)
			AfterProcessingInitializeOnLoad (6ms)
			EditorAssembliesLoaded (0ms)
		ExecutionOrderSort2 (0ms)
		AwakeInstancesAfterBackupRestoration (16ms)
Refreshing native plugins compatible for Editor in 2.71 ms, found 4 plugins.
Preloading 0 native plugins for Editor in 0.00 ms.
Unloading 29 Unused Serialized files (Serialized files now loaded: 0)
Unloading 7425 unused Assets / (7.3 MB). Loaded Objects now: 8465.
Memory consumption went from 156.1 MB to 148.8 MB.
Total: 18.143500 ms (FindLiveObjects: 1.083800 ms CreateObjectMapping: 1.083100 ms MarkObjects: 8.428800 ms  DeleteObjects: 7.544500 ms)

Prepare: number of updated asset objects reloaded= 0
========================================================================
Received Import Request.
  Time since last request: 12661.915432 seconds.
  path: Assets/Scenes/TitleScreen.unity
  artifactKey: Guid(afb5a082957e87246b6c0cb1664820aa) Importer(815301076,1909f56bfc062723c751e8b465ee728b)
Start importing Assets/Scenes/TitleScreen.unity using Guid(afb5a082957e87246b6c0cb1664820aa) Importer(815301076,1909f56bfc062723c751e8b465ee728b) (PreviewImporter) -> (artifact id: 'f0beba876fa2ca55691922a188d01eb6') in 7.1681253 seconds
Number of updated asset objects reloaded before import = 0Number of asset objects unloaded after import = 0

========================================================================
Received Prepare
Begin MonoManager ReloadAssembly
Symbol file LoadedFromMemory is not a mono symbol file
- Loaded All Assemblies, in  1.120 seconds
Refreshing native plugins compatible for Editor in 2.05 ms, found 4 plugins.
Native extension for WindowsStandalone target not found
Native extension for WebGL target not found
Mono: successfully reloaded assembly
- Finished resetting the current domain, in  1.109 seconds
Domain Reload Profiling: 2229ms
	BeginReloadAssembly (330ms)
		ExecutionOrderSort (0ms)
		DisableScriptedObjects (10ms)
		BackupInstance (0ms)
		ReleaseScriptingObjects (0ms)
		CreateAndSetChildDomain (116ms)
	RebuildCommonClasses (52ms)
	RebuildNativeTypeToScriptingClass (23ms)
	initialDomainReloadingComplete (43ms)
	LoadAllAssembliesAndSetupDomain (671ms)
		LoadAssemblies (501ms)
		RebuildTransferFunctionScriptingTraits (0ms)
		AnalyzeDomain (303ms)
			TypeCache.Refresh (10ms)
				TypeCache.ScanAssembly (0ms)
			BuildScriptInfoCaches (276ms)
			ResolveRequiredComponents (13ms)
	FinalizeReload (1110ms)
		ReleaseScriptCaches (0ms)
		RebuildScriptCaches (0ms)
		SetupLoadedEditorAssemblies (835ms)
			LogAssemblyErrors (0ms)
			InitializePlatformSupportModulesInManaged (3ms)
			SetLoadedEditorAssemblies (8ms)
			BeforeProcessingInitializeOnLoad (189ms)
			ProcessInitializeOnLoadAttributes (509ms)
			ProcessInitializeOnLoadMethodAttributes (121ms)
			AfterProcessingInitializeOnLoad (5ms)
			EditorAssembliesLoaded (0ms)
		ExecutionOrderSort2 (0ms)
		AwakeInstancesAfterBackupRestoration (17ms)
Refreshing native plugins compatible for Editor in 2.88 ms, found 4 plugins.
Preloading 0 native plugins for Editor in 0.00 ms.
Unloading 29 Unused Serialized files (Serialized files now loaded: 0)
Unloading 7425 unused Assets / (7.7 MB). Loaded Objects now: 8470.
Memory consumption went from 156.1 MB to 148.4 MB.
Total: 19.453500 ms (FindLiveObjects: 1.282400 ms CreateObjectMapping: 1.487100 ms MarkObjects: 9.385300 ms  DeleteObjects: 7.296800 ms)

Prepare: number of updated asset objects reloaded= 0
========================================================================
Received Prepare
Begin MonoManager ReloadAssembly
Symbol file LoadedFromMemory is not a mono symbol file
- Loaded All Assemblies, in  1.238 seconds
Refreshing native plugins compatible for Editor in 2.82 ms, found 4 plugins.
Native extension for WindowsStandalone target not found
Native extension for WebGL target not found
Mono: successfully reloaded assembly
- Finished resetting the current domain, in  1.273 seconds
Domain Reload Profiling: 2513ms
	BeginReloadAssembly (376ms)
		ExecutionOrderSort (0ms)
		DisableScriptedObjects (11ms)
		BackupInstance (0ms)
		ReleaseScriptingObjects (1ms)
		CreateAndSetChildDomain (115ms)
	RebuildCommonClasses (62ms)
	RebuildNativeTypeToScriptingClass (21ms)
	initialDomainReloadingComplete (42ms)
	LoadAllAssembliesAndSetupDomain (738ms)
		LoadAssemblies (603ms)
		RebuildTransferFunctionScriptingTraits (0ms)
		AnalyzeDomain (310ms)
			TypeCache.Refresh (15ms)
				TypeCache.ScanAssembly (1ms)
			BuildScriptInfoCaches (275ms)
			ResolveRequiredComponents (13ms)
	FinalizeReload (1274ms)
		ReleaseScriptCaches (0ms)
		RebuildScriptCaches (0ms)
		SetupLoadedEditorAssemblies (958ms)
			LogAssemblyErrors (0ms)
			InitializePlatformSupportModulesInManaged (5ms)
			SetLoadedEditorAssemblies (6ms)
			BeforeProcessingInitializeOnLoad (197ms)
			ProcessInitializeOnLoadAttributes (573ms)
			ProcessInitializeOnLoadMethodAttributes (168ms)
			AfterProcessingInitializeOnLoad (8ms)
			EditorAssembliesLoaded (1ms)
		ExecutionOrderSort2 (0ms)
		AwakeInstancesAfterBackupRestoration (18ms)
Refreshing native plugins compatible for Editor in 2.99 ms, found 4 plugins.
Preloading 0 native plugins for Editor in 0.00 ms.
Unloading 29 Unused Serialized files (Serialized files now loaded: 0)
Unloading 7425 unused Assets / (7.4 MB). Loaded Objects now: 8475.
Memory consumption went from 156.1 MB to 148.7 MB.
Total: 19.490600 ms (FindLiveObjects: 2.076500 ms CreateObjectMapping: 0.890900 ms MarkObjects: 7.426900 ms  DeleteObjects: 9.093700 ms)

Prepare: number of updated asset objects reloaded= 0
========================================================================
Received Prepare
Begin MonoManager ReloadAssembly
Symbol file LoadedFromMemory is not a mono symbol file
- Loaded All Assemblies, in  1.172 seconds
Refreshing native plugins compatible for Editor in 2.51 ms, found 4 plugins.
Native extension for WindowsStandalone target not found
Native extension for WebGL target not found
Mono: successfully reloaded assembly
- Finished resetting the current domain, in  1.123 seconds
Domain Reload Profiling: 2294ms
	BeginReloadAssembly (280ms)
		ExecutionOrderSort (0ms)
		DisableScriptedObjects (7ms)
		BackupInstance (0ms)
		ReleaseScriptingObjects (0ms)
		CreateAndSetChildDomain (77ms)
	RebuildCommonClasses (52ms)
	RebuildNativeTypeToScriptingClass (17ms)
	initialDomainReloadingComplete (42ms)
	LoadAllAssembliesAndSetupDomain (779ms)
		LoadAssemblies (552ms)
		RebuildTransferFunctionScriptingTraits (0ms)
		AnalyzeDomain (351ms)
			TypeCache.Refresh (11ms)
				TypeCache.ScanAssembly (0ms)
			BuildScriptInfoCaches (319ms)
			ResolveRequiredComponents (17ms)
	FinalizeReload (1124ms)
		ReleaseScriptCaches (0ms)
		RebuildScriptCaches (0ms)
		SetupLoadedEditorAssemblies (822ms)
			LogAssemblyErrors (0ms)
			InitializePlatformSupportModulesInManaged (4ms)
			SetLoadedEditorAssemblies (7ms)
			BeforeProcessingInitializeOnLoad (185ms)
			ProcessInitializeOnLoadAttributes (486ms)
			ProcessInitializeOnLoadMethodAttributes (132ms)
			AfterProcessingInitializeOnLoad (7ms)
			EditorAssembliesLoaded (2ms)
		ExecutionOrderSort2 (4ms)
		AwakeInstancesAfterBackupRestoration (27ms)
Refreshing native plugins compatible for Editor in 3.39 ms, found 4 plugins.
Preloading 0 native plugins for Editor in 0.00 ms.
Unloading 29 Unused Serialized files (Serialized files now loaded: 0)
Unloading 7425 unused Assets / (6.9 MB). Loaded Objects now: 8480.
Memory consumption went from 156.1 MB to 149.1 MB.
Total: 22.535700 ms (FindLiveObjects: 1.251600 ms CreateObjectMapping: 2.020800 ms MarkObjects: 10.124900 ms  DeleteObjects: 9.135500 ms)

Prepare: number of updated asset objects reloaded= 0
========================================================================
Received Prepare
Refreshing native plugins compatible for Editor in 2.95 ms, found 4 plugins.
Preloading 0 native plugins for Editor in 0.00 ms.
Unloading 29 Unused Serialized files (Serialized files now loaded: 0)
Unloading 7414 unused Assets / (8.3 MB). Loaded Objects now: 8480.
Memory consumption went from 156.2 MB to 147.9 MB.
Total: 106.627800 ms (FindLiveObjects: 3.208700 ms CreateObjectMapping: 1.284100 ms MarkObjects: 94.686100 ms  DeleteObjects: 7.446000 ms)

Prepare: number of updated asset objects reloaded= 0
========================================================================
Received Prepare
Refreshing native plugins compatible for Editor in 3.44 ms, found 4 plugins.
Preloading 0 native plugins for Editor in 0.00 ms.
Unloading 29 Unused Serialized files (Serialized files now loaded: 0)
Unloading 7414 unused Assets / (6.2 MB). Loaded Objects now: 8480.
Memory consumption went from 156.2 MB to 150.0 MB.
Total: 24.014400 ms (FindLiveObjects: 1.129100 ms CreateObjectMapping: 1.147300 ms MarkObjects: 12.380600 ms  DeleteObjects: 9.355200 ms)

Prepare: number of updated asset objects reloaded= 0
========================================================================
Received Prepare
Begin MonoManager ReloadAssembly
Symbol file LoadedFromMemory is not a mono symbol file
- Loaded All Assemblies, in  4.902 seconds
Refreshing native plugins compatible for Editor in 8.17 ms, found 4 plugins.
Native extension for WindowsStandalone target not found
Native extension for WebGL target not found
Mono: successfully reloaded assembly
- Finished resetting the current domain, in  2.256 seconds
Domain Reload Profiling: 7169ms
	BeginReloadAssembly (1931ms)
		ExecutionOrderSort (0ms)
		DisableScriptedObjects (195ms)
		BackupInstance (0ms)
		ReleaseScriptingObjects (1ms)
		CreateAndSetChildDomain (842ms)
	RebuildCommonClasses (85ms)
	RebuildNativeTypeToScriptingClass (25ms)
	initialDomainReloadingComplete (96ms)
	LoadAllAssembliesAndSetupDomain (2774ms)
		LoadAssemblies (2158ms)
		RebuildTransferFunctionScriptingTraits (0ms)
		AnalyzeDomain (1048ms)
			TypeCache.Refresh (81ms)
				TypeCache.ScanAssembly (8ms)
			BuildScriptInfoCaches (844ms)
			ResolveRequiredComponents (53ms)
	FinalizeReload (2258ms)
		ReleaseScriptCaches (0ms)
		RebuildScriptCaches (0ms)
		SetupLoadedEditorAssemblies (1397ms)
			LogAssemblyErrors (0ms)
			InitializePlatformSupportModulesInManaged (8ms)
			SetLoadedEditorAssemblies (15ms)
			BeforeProcessingInitializeOnLoad (383ms)
			ProcessInitializeOnLoadAttributes (750ms)
			ProcessInitializeOnLoadMethodAttributes (231ms)
			AfterProcessingInitializeOnLoad (9ms)
			EditorAssembliesLoaded (1ms)
		ExecutionOrderSort2 (0ms)
		AwakeInstancesAfterBackupRestoration (27ms)
Refreshing native plugins compatible for Editor in 4.22 ms, found 4 plugins.
Preloading 0 native plugins for Editor in 0.00 ms.
Unloading 29 Unused Serialized files (Serialized files now loaded: 0)
Unloading 7425 unused Assets / (6.6 MB). Loaded Objects now: 8485.
Memory consumption went from 156.1 MB to 149.5 MB.
Total: 22.715900 ms (FindLiveObjects: 2.362400 ms CreateObjectMapping: 1.009800 ms MarkObjects: 10.964700 ms  DeleteObjects: 8.376400 ms)

Prepare: number of updated asset objects reloaded= 0
========================================================================
Received Prepare
Begin MonoManager ReloadAssembly
Symbol file LoadedFromMemory is not a mono symbol file
- Loaded All Assemblies, in  1.532 seconds
Refreshing native plugins compatible for Editor in 1.96 ms, found 4 plugins.
Native extension for WindowsStandalone target not found
Native extension for WebGL target not found
Mono: successfully reloaded assembly
- Finished resetting the current domain, in  1.556 seconds
Domain Reload Profiling: 3087ms
	BeginReloadAssembly (349ms)
		ExecutionOrderSort (0ms)
		DisableScriptedObjects (13ms)
		BackupInstance (0ms)
		ReleaseScriptingObjects (0ms)
		CreateAndSetChildDomain (100ms)
	RebuildCommonClasses (67ms)
	RebuildNativeTypeToScriptingClass (17ms)
	initialDomainReloadingComplete (46ms)
	LoadAllAssembliesAndSetupDomain (1051ms)
		LoadAssemblies (751ms)
		RebuildTransferFunctionScriptingTraits (0ms)
		AnalyzeDomain (453ms)
			TypeCache.Refresh (12ms)
				TypeCache.ScanAssembly (0ms)
			BuildScriptInfoCaches (414ms)
			ResolveRequiredComponents (22ms)
	FinalizeReload (1557ms)
		ReleaseScriptCaches (0ms)
		RebuildScriptCaches (0ms)
		SetupLoadedEditorAssemblies (1199ms)
			LogAssemblyErrors (0ms)
			InitializePlatformSupportModulesInManaged (4ms)
			SetLoadedEditorAssemblies (4ms)
			BeforeProcessingInitializeOnLoad (338ms)
			ProcessInitializeOnLoadAttributes (676ms)
			ProcessInitializeOnLoadMethodAttributes (169ms)
			AfterProcessingInitializeOnLoad (7ms)
			EditorAssembliesLoaded (1ms)
		ExecutionOrderSort2 (0ms)
		AwakeInstancesAfterBackupRestoration (21ms)
Refreshing native plugins compatible for Editor in 2.10 ms, found 4 plugins.
Preloading 0 native plugins for Editor in 0.00 ms.
Unloading 29 Unused Serialized files (Serialized files now loaded: 0)
Unloading 7425 unused Assets / (7.1 MB). Loaded Objects now: 8490.
Memory consumption went from 156.1 MB to 149.0 MB.
Total: 17.902500 ms (FindLiveObjects: 0.993800 ms CreateObjectMapping: 1.097400 ms MarkObjects: 8.488600 ms  DeleteObjects: 7.320600 ms)

Prepare: number of updated asset objects reloaded= 0
========================================================================
Received Prepare
Begin MonoManager ReloadAssembly
Symbol file LoadedFromMemory is not a mono symbol file
- Loaded All Assemblies, in  1.235 seconds
Refreshing native plugins compatible for Editor in 2.16 ms, found 4 plugins.
Native extension for WindowsStandalone target not found
Native extension for WebGL target not found
Mono: successfully reloaded assembly
- Finished resetting the current domain, in  1.434 seconds
Domain Reload Profiling: 2670ms
	BeginReloadAssembly (346ms)
		ExecutionOrderSort (0ms)
		DisableScriptedObjects (12ms)
		BackupInstance (0ms)
		ReleaseScriptingObjects (0ms)
		CreateAndSetChildDomain (90ms)
	RebuildCommonClasses (70ms)
	RebuildNativeTypeToScriptingClass (21ms)
	initialDomainReloadingComplete (42ms)
	LoadAllAssembliesAndSetupDomain (755ms)
		LoadAssemblies (577ms)
		RebuildTransferFunctionScriptingTraits (0ms)
		AnalyzeDomain (335ms)
			TypeCache.Refresh (18ms)
				TypeCache.ScanAssembly (2ms)
			BuildScriptInfoCaches (296ms)
			ResolveRequiredComponents (16ms)
	FinalizeReload (1435ms)
		ReleaseScriptCaches (0ms)
		RebuildScriptCaches (0ms)
		SetupLoadedEditorAssemblies (1064ms)
			LogAssemblyErrors (0ms)
			InitializePlatformSupportModulesInManaged (7ms)
			SetLoadedEditorAssemblies (9ms)
			BeforeProcessingInitializeOnLoad (272ms)
			ProcessInitializeOnLoadAttributes (572ms)
			ProcessInitializeOnLoadMethodAttributes (194ms)
			AfterProcessingInitializeOnLoad (10ms)
			EditorAssembliesLoaded (1ms)
		ExecutionOrderSort2 (0ms)
		AwakeInstancesAfterBackupRestoration (43ms)
Refreshing native plugins compatible for Editor in 4.57 ms, found 4 plugins.
Preloading 0 native plugins for Editor in 0.00 ms.
Unloading 29 Unused Serialized files (Serialized files now loaded: 0)
Unloading 7425 unused Assets / (7.2 MB). Loaded Objects now: 8495.
Memory consumption went from 156.1 MB to 148.9 MB.
Total: 19.212500 ms (FindLiveObjects: 2.059100 ms CreateObjectMapping: 1.475600 ms MarkObjects: 6.819400 ms  DeleteObjects: 8.856700 ms)

Prepare: number of updated asset objects reloaded= 0
========================================================================
Received Prepare
Begin MonoManager ReloadAssembly
Symbol file LoadedFromMemory is not a mono symbol file
- Loaded All Assemblies, in  1.314 seconds
Refreshing native plugins compatible for Editor in 2.05 ms, found 4 plugins.
Native extension for WindowsStandalone target not found
Native extension for WebGL target not found
Mono: successfully reloaded assembly
- Finished resetting the current domain, in  1.441 seconds
Domain Reload Profiling: 2755ms
	BeginReloadAssembly (347ms)
		ExecutionOrderSort (0ms)
		DisableScriptedObjects (11ms)
		BackupInstance (0ms)
		ReleaseScriptingObjects (0ms)
		CreateAndSetChildDomain (104ms)
	RebuildCommonClasses (60ms)
	RebuildNativeTypeToScriptingClass (17ms)
	initialDomainReloadingComplete (46ms)
	LoadAllAssembliesAndSetupDomain (843ms)
		LoadAssemblies (620ms)
		RebuildTransferFunctionScriptingTraits (0ms)
		AnalyzeDomain (372ms)
			TypeCache.Refresh (17ms)
				TypeCache.ScanAssembly (0ms)
			BuildScriptInfoCaches (328ms)
			ResolveRequiredComponents (21ms)
	FinalizeReload (1442ms)
		ReleaseScriptCaches (0ms)
		RebuildScriptCaches (0ms)
		SetupLoadedEditorAssemblies (1076ms)
			LogAssemblyErrors (0ms)
			InitializePlatformSupportModulesInManaged (5ms)
			SetLoadedEditorAssemblies (8ms)
			BeforeProcessingInitializeOnLoad (213ms)
			ProcessInitializeOnLoadAttributes (705ms)
			ProcessInitializeOnLoadMethodAttributes (136ms)
			AfterProcessingInitializeOnLoad (8ms)
			EditorAssembliesLoaded (0ms)
		ExecutionOrderSort2 (0ms)
		AwakeInstancesAfterBackupRestoration (27ms)
Refreshing native plugins compatible for Editor in 5.05 ms, found 4 plugins.
Preloading 0 native plugins for Editor in 0.00 ms.
Unloading 29 Unused Serialized files (Serialized files now loaded: 0)
Unloading 7425 unused Assets / (6.8 MB). Loaded Objects now: 8500.
Memory consumption went from 156.1 MB to 149.4 MB.
Total: 21.137900 ms (FindLiveObjects: 1.455800 ms CreateObjectMapping: 1.621500 ms MarkObjects: 9.037500 ms  DeleteObjects: 9.019400 ms)

Prepare: number of updated asset objects reloaded= 0
========================================================================
Received Prepare
Begin MonoManager ReloadAssembly
Symbol file LoadedFromMemory is not a mono symbol file
- Loaded All Assemblies, in  1.557 seconds
Refreshing native plugins compatible for Editor in 4.37 ms, found 4 plugins.
Native extension for WindowsStandalone target not found
Native extension for WebGL target not found
Mono: successfully reloaded assembly
- Finished resetting the current domain, in  1.642 seconds
Domain Reload Profiling: 3197ms
	BeginReloadAssembly (387ms)
		ExecutionOrderSort (0ms)
		DisableScriptedObjects (17ms)
		BackupInstance (0ms)
		ReleaseScriptingObjects (0ms)
		CreateAndSetChildDomain (102ms)
	RebuildCommonClasses (73ms)
	RebuildNativeTypeToScriptingClass (27ms)
	initialDomainReloadingComplete (55ms)
	LoadAllAssembliesAndSetupDomain (1013ms)
		LoadAssemblies (709ms)
		RebuildTransferFunctionScriptingTraits (0ms)
		AnalyzeDomain (476ms)
			TypeCache.Refresh (19ms)
				TypeCache.ScanAssembly (2ms)
			BuildScriptInfoCaches (424ms)
			ResolveRequiredComponents (26ms)
	FinalizeReload (1642ms)
		ReleaseScriptCaches (0ms)
		RebuildScriptCaches (0ms)
		SetupLoadedEditorAssemblies (1159ms)
			LogAssemblyErrors (0ms)
			InitializePlatformSupportModulesInManaged (5ms)
			SetLoadedEditorAssemblies (8ms)
			BeforeProcessingInitializeOnLoad (247ms)
			ProcessInitializeOnLoadAttributes (738ms)
			ProcessInitializeOnLoadMethodAttributes (152ms)
			AfterProcessingInitializeOnLoad (9ms)
			EditorAssembliesLoaded (0ms)
		ExecutionOrderSort2 (0ms)
		AwakeInstancesAfterBackupRestoration (35ms)
Refreshing native plugins compatible for Editor in 4.47 ms, found 4 plugins.
Preloading 0 native plugins for Editor in 0.00 ms.
Unloading 29 Unused Serialized files (Serialized files now loaded: 0)
Unloading 7425 unused Assets / (7.9 MB). Loaded Objects now: 8505.
Memory consumption went from 156.1 MB to 148.2 MB.
Total: 30.939700 ms (FindLiveObjects: 1.902900 ms CreateObjectMapping: 1.879500 ms MarkObjects: 15.092200 ms  DeleteObjects: 12.063200 ms)

Prepare: number of updated asset objects reloaded= 0
========================================================================
Received Prepare
Begin MonoManager ReloadAssembly
Symbol file LoadedFromMemory is not a mono symbol file
- Loaded All Assemblies, in  1.592 seconds
Refreshing native plugins compatible for Editor in 4.05 ms, found 4 plugins.
Native extension for WindowsStandalone target not found
Native extension for WebGL target not found
Mono: successfully reloaded assembly
- Finished resetting the current domain, in  1.485 seconds
Domain Reload Profiling: 3086ms
	BeginReloadAssembly (462ms)
		ExecutionOrderSort (0ms)
		DisableScriptedObjects (10ms)
		BackupInstance (0ms)
		ReleaseScriptingObjects (0ms)
		CreateAndSetChildDomain (143ms)
	RebuildCommonClasses (52ms)
	RebuildNativeTypeToScriptingClass (27ms)
	initialDomainReloadingComplete (38ms)
	LoadAllAssembliesAndSetupDomain (1020ms)
		LoadAssemblies (683ms)
		RebuildTransferFunctionScriptingTraits (0ms)
		AnalyzeDomain (553ms)
			TypeCache.Refresh (12ms)
				TypeCache.ScanAssembly (0ms)
			BuildScriptInfoCaches (503ms)
			ResolveRequiredComponents (31ms)
	FinalizeReload (1486ms)
		ReleaseScriptCaches (0ms)
		RebuildScriptCaches (0ms)
		SetupLoadedEditorAssemblies (1042ms)
			LogAssemblyErrors (0ms)
			InitializePlatformSupportModulesInManaged (6ms)
			SetLoadedEditorAssemblies (7ms)
			BeforeProcessingInitializeOnLoad (232ms)
			ProcessInitializeOnLoadAttributes (639ms)
			ProcessInitializeOnLoadMethodAttributes (151ms)
			AfterProcessingInitializeOnLoad (6ms)
			EditorAssembliesLoaded (0ms)
		ExecutionOrderSort2 (0ms)
		AwakeInstancesAfterBackupRestoration (19ms)
Refreshing native plugins compatible for Editor in 2.68 ms, found 4 plugins.
Preloading 0 native plugins for Editor in 0.00 ms.
Unloading 29 Unused Serialized files (Serialized files now loaded: 0)
Unloading 7425 unused Assets / (7.7 MB). Loaded Objects now: 8510.
Memory consumption went from 156.1 MB to 148.5 MB.
Total: 30.723800 ms (FindLiveObjects: 1.374100 ms CreateObjectMapping: 1.956500 ms MarkObjects: 16.635000 ms  DeleteObjects: 10.755900 ms)

Prepare: number of updated asset objects reloaded= 0
========================================================================
Received Prepare
Begin MonoManager ReloadAssembly
Symbol file LoadedFromMemory is not a mono symbol file
- Loaded All Assemblies, in  2.264 seconds
Refreshing native plugins compatible for Editor in 2.48 ms, found 4 plugins.
Native extension for WindowsStandalone target not found
Native extension for WebGL target not found
Mono: successfully reloaded assembly
- Finished resetting the current domain, in  1.591 seconds
Domain Reload Profiling: 3853ms
	BeginReloadAssembly (870ms)
		ExecutionOrderSort (0ms)
		DisableScriptedObjects (12ms)
		BackupInstance (0ms)
		ReleaseScriptingObjects (0ms)
		CreateAndSetChildDomain (289ms)
	RebuildCommonClasses (172ms)
	RebuildNativeTypeToScriptingClass (21ms)
	initialDomainReloadingComplete (55ms)
	LoadAllAssembliesAndSetupDomain (1144ms)
		LoadAssemblies (886ms)
		RebuildTransferFunctionScriptingTraits (0ms)
		AnalyzeDomain (655ms)
			TypeCache.Refresh (45ms)
				TypeCache.ScanAssembly (30ms)
			BuildScriptInfoCaches (585ms)
			ResolveRequiredComponents (18ms)
	FinalizeReload (1592ms)
		ReleaseScriptCaches (0ms)
		RebuildScriptCaches (0ms)
		SetupLoadedEditorAssemblies (1123ms)
			LogAssemblyErrors (0ms)
			InitializePlatformSupportModulesInManaged (5ms)
			SetLoadedEditorAssemblies (9ms)
			BeforeProcessingInitializeOnLoad (198ms)
			ProcessInitializeOnLoadAttributes (744ms)
			ProcessInitializeOnLoadMethodAttributes (160ms)
			AfterProcessingInitializeOnLoad (6ms)
			EditorAssembliesLoaded (0ms)
		ExecutionOrderSort2 (0ms)
		AwakeInstancesAfterBackupRestoration (90ms)
Refreshing native plugins compatible for Editor in 2.08 ms, found 4 plugins.
Preloading 0 native plugins for Editor in 0.00 ms.
Unloading 29 Unused Serialized files (Serialized files now loaded: 0)
Unloading 7425 unused Assets / (6.9 MB). Loaded Objects now: 8515.
Memory consumption went from 156.1 MB to 149.2 MB.
Total: 17.780200 ms (FindLiveObjects: 1.189600 ms CreateObjectMapping: 4.412000 ms MarkObjects: 5.933100 ms  DeleteObjects: 6.243200 ms)

Prepare: number of updated asset objects reloaded= 0
========================================================================
Received Prepare
Begin MonoManager ReloadAssembly
Symbol file LoadedFromMemory is not a mono symbol file
- Loaded All Assemblies, in  1.337 seconds
Refreshing native plugins compatible for Editor in 2.62 ms, found 4 plugins.
Native extension for WindowsStandalone target not found
Native extension for WebGL target not found
Mono: successfully reloaded assembly
- Finished resetting the current domain, in  2.004 seconds
Domain Reload Profiling: 3341ms
	BeginReloadAssembly (318ms)
		ExecutionOrderSort (0ms)
		DisableScriptedObjects (14ms)
		BackupInstance (0ms)
		ReleaseScriptingObjects (0ms)
		CreateAndSetChildDomain (71ms)
	RebuildCommonClasses (50ms)
	RebuildNativeTypeToScriptingClass (18ms)
	initialDomainReloadingComplete (44ms)
	LoadAllAssembliesAndSetupDomain (906ms)
		LoadAssemblies (589ms)
		RebuildTransferFunctionScriptingTraits (0ms)
		AnalyzeDomain (483ms)
			TypeCache.Refresh (13ms)
				TypeCache.ScanAssembly (0ms)
			BuildScriptInfoCaches (450ms)
			ResolveRequiredComponents (13ms)
	FinalizeReload (2005ms)
		ReleaseScriptCaches (0ms)
		RebuildScriptCaches (0ms)
		SetupLoadedEditorAssemblies (1602ms)
			LogAssemblyErrors (0ms)
			InitializePlatformSupportModulesInManaged (5ms)
			SetLoadedEditorAssemblies (8ms)
			BeforeProcessingInitializeOnLoad (333ms)
			ProcessInitializeOnLoadAttributes (1074ms)
			ProcessInitializeOnLoadMethodAttributes (173ms)
			AfterProcessingInitializeOnLoad (9ms)
			EditorAssembliesLoaded (1ms)
		ExecutionOrderSort2 (0ms)
		AwakeInstancesAfterBackupRestoration (27ms)
Refreshing native plugins compatible for Editor in 5.91 ms, found 4 plugins.
Preloading 0 native plugins for Editor in 0.00 ms.
Unloading 29 Unused Serialized files (Serialized files now loaded: 0)
Unloading 7425 unused Assets / (7.4 MB). Loaded Objects now: 8520.
Memory consumption went from 156.2 MB to 148.8 MB.
Total: 31.862500 ms (FindLiveObjects: 4.726900 ms CreateObjectMapping: 1.616300 ms MarkObjects: 12.857800 ms  DeleteObjects: 12.659000 ms)

Prepare: number of updated asset objects reloaded= 0
========================================================================
Received Prepare
Begin MonoManager ReloadAssembly
Symbol file LoadedFromMemory is not a mono symbol file
- Loaded All Assemblies, in  1.153 seconds
Refreshing native plugins compatible for Editor in 3.01 ms, found 4 plugins.
Native extension for WindowsStandalone target not found
Native extension for WebGL target not found
Mono: successfully reloaded assembly
- Finished resetting the current domain, in  1.273 seconds
Domain Reload Profiling: 2426ms
	BeginReloadAssembly (317ms)
		ExecutionOrderSort (0ms)
		DisableScriptedObjects (11ms)
		BackupInstance (0ms)
		ReleaseScriptingObjects (0ms)
		CreateAndSetChildDomain (79ms)
	RebuildCommonClasses (57ms)
	RebuildNativeTypeToScriptingClass (21ms)
	initialDomainReloadingComplete (38ms)
	LoadAllAssembliesAndSetupDomain (718ms)
		LoadAssemblies (537ms)
		RebuildTransferFunctionScriptingTraits (0ms)
		AnalyzeDomain (326ms)
			TypeCache.Refresh (15ms)
				TypeCache.ScanAssembly (1ms)
			BuildScriptInfoCaches (288ms)
			ResolveRequiredComponents (17ms)
	FinalizeReload (1273ms)
		ReleaseScriptCaches (0ms)
		RebuildScriptCaches (0ms)
		SetupLoadedEditorAssemblies (947ms)
			LogAssemblyErrors (0ms)
			InitializePlatformSupportModulesInManaged (3ms)
			SetLoadedEditorAssemblies (10ms)
			BeforeProcessingInitializeOnLoad (212ms)
			ProcessInitializeOnLoadAttributes (586ms)
			ProcessInitializeOnLoadMethodAttributes (128ms)
			AfterProcessingInitializeOnLoad (8ms)
			EditorAssembliesLoaded (0ms)
		ExecutionOrderSort2 (0ms)
		AwakeInstancesAfterBackupRestoration (21ms)
Refreshing native plugins compatible for Editor in 3.13 ms, found 4 plugins.
Preloading 0 native plugins for Editor in 0.00 ms.
Unloading 29 Unused Serialized files (Serialized files now loaded: 0)
Unloading 7425 unused Assets / (6.3 MB). Loaded Objects now: 8525.
Memory consumption went from 156.1 MB to 149.9 MB.
Total: 21.532300 ms (FindLiveObjects: 1.764400 ms CreateObjectMapping: 2.010100 ms MarkObjects: 11.210500 ms  DeleteObjects: 6.544700 ms)

Prepare: number of updated asset objects reloaded= 0
========================================================================
Received Prepare
Begin MonoManager ReloadAssembly
Symbol file LoadedFromMemory is not a mono symbol file
- Loaded All Assemblies, in  1.115 seconds
Refreshing native plugins compatible for Editor in 2.45 ms, found 4 plugins.
Native extension for WindowsStandalone target not found
Native extension for WebGL target not found
Mono: successfully reloaded assembly
- Finished resetting the current domain, in  1.217 seconds
Domain Reload Profiling: 2331ms
	BeginReloadAssembly (282ms)
		ExecutionOrderSort (0ms)
		DisableScriptedObjects (9ms)
		BackupInstance (0ms)
		ReleaseScriptingObjects (0ms)
		CreateAndSetChildDomain (74ms)
	RebuildCommonClasses (53ms)
	RebuildNativeTypeToScriptingClass (24ms)
	initialDomainReloadingComplete (40ms)
	LoadAllAssembliesAndSetupDomain (715ms)
		LoadAssemblies (516ms)
		RebuildTransferFunctionScriptingTraits (0ms)
		AnalyzeDomain (324ms)
			TypeCache.Refresh (9ms)
				TypeCache.ScanAssembly (0ms)
			BuildScriptInfoCaches (295ms)
			ResolveRequiredComponents (16ms)
	FinalizeReload (1218ms)
		ReleaseScriptCaches (0ms)
		RebuildScriptCaches (0ms)
		SetupLoadedEditorAssemblies (907ms)
			LogAssemblyErrors (0ms)
			InitializePlatformSupportModulesInManaged (5ms)
			SetLoadedEditorAssemblies (6ms)
			BeforeProcessingInitializeOnLoad (228ms)
			ProcessInitializeOnLoadAttributes (523ms)
			ProcessInitializeOnLoadMethodAttributes (138ms)
			AfterProcessingInitializeOnLoad (5ms)
			EditorAssembliesLoaded (0ms)
		ExecutionOrderSort2 (0ms)
		AwakeInstancesAfterBackupRestoration (19ms)
Refreshing native plugins compatible for Editor in 1.94 ms, found 4 plugins.
Preloading 0 native plugins for Editor in 0.00 ms.
Unloading 29 Unused Serialized files (Serialized files now loaded: 0)
Unloading 7425 unused Assets / (6.9 MB). Loaded Objects now: 8530.
Memory consumption went from 156.1 MB to 149.2 MB.
Total: 16.969000 ms (FindLiveObjects: 1.358400 ms CreateObjectMapping: 1.918200 ms MarkObjects: 8.767200 ms  DeleteObjects: 4.923200 ms)

Prepare: number of updated asset objects reloaded= 0
========================================================================
Received Prepare
Begin MonoManager ReloadAssembly
Symbol file LoadedFromMemory is not a mono symbol file
- Loaded All Assemblies, in  2.163 seconds
Refreshing native plugins compatible for Editor in 5.62 ms, found 4 plugins.
Native extension for WindowsStandalone target not found
Native extension for WebGL target not found
Mono: successfully reloaded assembly
- Finished resetting the current domain, in  1.981 seconds
Domain Reload Profiling: 4139ms
	BeginReloadAssembly (428ms)
		ExecutionOrderSort (0ms)
		DisableScriptedObjects (11ms)
		BackupInstance (0ms)
		ReleaseScriptingObjects (0ms)
		CreateAndSetChildDomain (97ms)
	RebuildCommonClasses (230ms)
	RebuildNativeTypeToScriptingClass (33ms)
	initialDomainReloadingComplete (90ms)
	LoadAllAssembliesAndSetupDomain (1377ms)
		LoadAssemblies (1088ms)
		RebuildTransferFunctionScriptingTraits (0ms)
		AnalyzeDomain (511ms)
			TypeCache.Refresh (41ms)
				TypeCache.ScanAssembly (3ms)
			BuildScriptInfoCaches (441ms)
			ResolveRequiredComponents (23ms)
	FinalizeReload (1982ms)
		ReleaseScriptCaches (0ms)
		RebuildScriptCaches (0ms)
		SetupLoadedEditorAssemblies (1318ms)
			LogAssemblyErrors (0ms)
			InitializePlatformSupportModulesInManaged (5ms)
			SetLoadedEditorAssemblies (13ms)
			BeforeProcessingInitializeOnLoad (391ms)
			ProcessInitializeOnLoadAttributes (736ms)
			ProcessInitializeOnLoadMethodAttributes (165ms)
			AfterProcessingInitializeOnLoad (6ms)
			EditorAssembliesLoaded (1ms)
		ExecutionOrderSort2 (0ms)
		AwakeInstancesAfterBackupRestoration (45ms)
Refreshing native plugins compatible for Editor in 3.26 ms, found 4 plugins.
Preloading 0 native plugins for Editor in 0.00 ms.
Unloading 29 Unused Serialized files (Serialized files now loaded: 0)
Unloading 7425 unused Assets / (7.7 MB). Loaded Objects now: 8535.
Memory consumption went from 156.1 MB to 148.5 MB.
Total: 32.216400 ms (FindLiveObjects: 3.508500 ms CreateObjectMapping: 3.612000 ms MarkObjects: 14.578600 ms  DeleteObjects: 10.511500 ms)

Prepare: number of updated asset objects reloaded= 0
========================================================================
Received Prepare
Begin MonoManager ReloadAssembly
Symbol file LoadedFromMemory is not a mono symbol file
- Loaded All Assemblies, in  1.278 seconds
Refreshing native plugins compatible for Editor in 4.14 ms, found 4 plugins.
Native extension for WindowsStandalone target not found
Native extension for WebGL target not found
Mono: successfully reloaded assembly
- Finished resetting the current domain, in  1.339 seconds
Domain Reload Profiling: 2620ms
	BeginReloadAssembly (337ms)
		ExecutionOrderSort (0ms)
		DisableScriptedObjects (13ms)
		BackupInstance (0ms)
		ReleaseScriptingObjects (0ms)
		CreateAndSetChildDomain (77ms)
	RebuildCommonClasses (50ms)
	RebuildNativeTypeToScriptingClass (18ms)
	initialDomainReloadingComplete (57ms)
	LoadAllAssembliesAndSetupDomain (818ms)
		LoadAssemblies (599ms)
		RebuildTransferFunctionScriptingTraits (0ms)
		AnalyzeDomain (390ms)
			TypeCache.Refresh (24ms)
				TypeCache.ScanAssembly (2ms)
			BuildScriptInfoCaches (342ms)
			ResolveRequiredComponents (17ms)
	FinalizeReload (1340ms)
		ReleaseScriptCaches (0ms)
		RebuildScriptCaches (0ms)
		SetupLoadedEditorAssemblies (977ms)
			LogAssemblyErrors (0ms)
			InitializePlatformSupportModulesInManaged (5ms)
			SetLoadedEditorAssemblies (12ms)
			BeforeProcessingInitializeOnLoad (232ms)
			ProcessInitializeOnLoadAttributes (591ms)
			ProcessInitializeOnLoadMethodAttributes (127ms)
			AfterProcessingInitializeOnLoad (9ms)
			EditorAssembliesLoaded (1ms)
		ExecutionOrderSort2 (0ms)
		AwakeInstancesAfterBackupRestoration (19ms)
Refreshing native plugins compatible for Editor in 3.53 ms, found 4 plugins.
Preloading 0 native plugins for Editor in 0.00 ms.
Unloading 29 Unused Serialized files (Serialized files now loaded: 0)
Unloading 7425 unused Assets / (6.5 MB). Loaded Objects now: 8540.
Memory consumption went from 156.2 MB to 149.6 MB.
Total: 17.785600 ms (FindLiveObjects: 1.154100 ms CreateObjectMapping: 1.364400 ms MarkObjects: 8.039500 ms  DeleteObjects: 7.225400 ms)

Prepare: number of updated asset objects reloaded= 0
========================================================================
Received Prepare
Begin MonoManager ReloadAssembly
Symbol file LoadedFromMemory is not a mono symbol file
- Loaded All Assemblies, in  1.234 seconds
Refreshing native plugins compatible for Editor in 2.07 ms, found 4 plugins.
Native extension for WindowsStandalone target not found
Native extension for WebGL target not found
Mono: successfully reloaded assembly
- Finished resetting the current domain, in  1.302 seconds
Domain Reload Profiling: 2536ms
	BeginReloadAssembly (326ms)
		ExecutionOrderSort (0ms)
		DisableScriptedObjects (9ms)
		BackupInstance (0ms)
		ReleaseScriptingObjects (0ms)
		CreateAndSetChildDomain (81ms)
	RebuildCommonClasses (56ms)
	RebuildNativeTypeToScriptingClass (22ms)
	initialDomainReloadingComplete (44ms)
	LoadAllAssembliesAndSetupDomain (785ms)
		LoadAssemblies (567ms)
		RebuildTransferFunctionScriptingTraits (0ms)
		AnalyzeDomain (371ms)
			TypeCache.Refresh (11ms)
				TypeCache.ScanAssembly (0ms)
			BuildScriptInfoCaches (337ms)
			ResolveRequiredComponents (15ms)
	FinalizeReload (1303ms)
		ReleaseScriptCaches (0ms)
		RebuildScriptCaches (0ms)
		SetupLoadedEditorAssemblies (969ms)
			LogAssemblyErrors (0ms)
			InitializePlatformSupportModulesInManaged (6ms)
			SetLoadedEditorAssemblies (9ms)
			BeforeProcessingInitializeOnLoad (221ms)
			ProcessInitializeOnLoadAttributes (584ms)
			ProcessInitializeOnLoadMethodAttributes (141ms)
			AfterProcessingInitializeOnLoad (7ms)
			EditorAssembliesLoaded (0ms)
		ExecutionOrderSort2 (0ms)
		AwakeInstancesAfterBackupRestoration (21ms)
Refreshing native plugins compatible for Editor in 1.74 ms, found 4 plugins.
Preloading 0 native plugins for Editor in 0.00 ms.
Unloading 29 Unused Serialized files (Serialized files now loaded: 0)
Unloading 7425 unused Assets / (7.7 MB). Loaded Objects now: 8545.
Memory consumption went from 156.2 MB to 148.4 MB.
Total: 17.265900 ms (FindLiveObjects: 0.954700 ms CreateObjectMapping: 0.831200 ms MarkObjects: 7.219800 ms  DeleteObjects: 8.258100 ms)

Prepare: number of updated asset objects reloaded= 0
========================================================================
Received Prepare
Begin MonoManager ReloadAssembly
Symbol file LoadedFromMemory is not a mono symbol file
- Loaded All Assemblies, in  3.805 seconds
Refreshing native plugins compatible for Editor in 8.37 ms, found 4 plugins.
Native extension for WindowsStandalone target not found
Native extension for WebGL target not found
Mono: successfully reloaded assembly
- Finished resetting the current domain, in  1.442 seconds
Domain Reload Profiling: 5264ms
	BeginReloadAssembly (1036ms)
		ExecutionOrderSort (0ms)
		DisableScriptedObjects (76ms)
		BackupInstance (0ms)
		ReleaseScriptingObjects (1ms)
		CreateAndSetChildDomain (446ms)
	RebuildCommonClasses (72ms)
	RebuildNativeTypeToScriptingClass (20ms)
	initialDomainReloadingComplete (66ms)
	LoadAllAssembliesAndSetupDomain (2626ms)
		LoadAssemblies (1709ms)
		RebuildTransferFunctionScriptingTraits (0ms)
		AnalyzeDomain (1172ms)
			TypeCache.Refresh (173ms)
				TypeCache.ScanAssembly (3ms)
			BuildScriptInfoCaches (920ms)
			ResolveRequiredComponents (44ms)
	FinalizeReload (1443ms)
		ReleaseScriptCaches (0ms)
		RebuildScriptCaches (0ms)
		SetupLoadedEditorAssemblies (1053ms)
			LogAssemblyErrors (0ms)
			InitializePlatformSupportModulesInManaged (9ms)
			SetLoadedEditorAssemblies (8ms)
			BeforeProcessingInitializeOnLoad (242ms)
			ProcessInitializeOnLoadAttributes (637ms)
			ProcessInitializeOnLoadMethodAttributes (149ms)
			AfterProcessingInitializeOnLoad (8ms)
			EditorAssembliesLoaded (0ms)
		ExecutionOrderSort2 (0ms)
		AwakeInstancesAfterBackupRestoration (20ms)
Refreshing native plugins compatible for Editor in 3.14 ms, found 4 plugins.
Preloading 0 native plugins for Editor in 0.00 ms.
Unloading 29 Unused Serialized files (Serialized files now loaded: 0)
Unloading 7425 unused Assets / (7.0 MB). Loaded Objects now: 8550.
Memory consumption went from 156.2 MB to 149.2 MB.
Total: 24.653900 ms (FindLiveObjects: 1.074300 ms CreateObjectMapping: 0.927900 ms MarkObjects: 13.207100 ms  DeleteObjects: 9.441500 ms)

Prepare: number of updated asset objects reloaded= 0
========================================================================
Received Prepare
Begin MonoManager ReloadAssembly
Symbol file LoadedFromMemory is not a mono symbol file
- Loaded All Assemblies, in  1.220 seconds
Refreshing native plugins compatible for Editor in 2.37 ms, found 4 plugins.
Native extension for WindowsStandalone target not found
Native extension for WebGL target not found
Mono: successfully reloaded assembly
- Finished resetting the current domain, in  1.263 seconds
Domain Reload Profiling: 2485ms
	BeginReloadAssembly (285ms)
		ExecutionOrderSort (0ms)
		DisableScriptedObjects (12ms)
		BackupInstance (0ms)
		ReleaseScriptingObjects (0ms)
		CreateAndSetChildDomain (73ms)
	RebuildCommonClasses (55ms)
	RebuildNativeTypeToScriptingClass (19ms)
	initialDomainReloadingComplete (49ms)
	LoadAllAssembliesAndSetupDomain (814ms)
		LoadAssemblies (550ms)
		RebuildTransferFunctionScriptingTraits (0ms)
		AnalyzeDomain (388ms)
			TypeCache.Refresh (11ms)
				TypeCache.ScanAssembly (0ms)
			BuildScriptInfoCaches (350ms)
			ResolveRequiredComponents (20ms)
	FinalizeReload (1263ms)
		ReleaseScriptCaches (0ms)
		RebuildScriptCaches (0ms)
		SetupLoadedEditorAssemblies (930ms)
			LogAssemblyErrors (0ms)
			InitializePlatformSupportModulesInManaged (3ms)
			SetLoadedEditorAssemblies (7ms)
			BeforeProcessingInitializeOnLoad (220ms)
			ProcessInitializeOnLoadAttributes (557ms)
			ProcessInitializeOnLoadMethodAttributes (136ms)
			AfterProcessingInitializeOnLoad (5ms)
			EditorAssembliesLoaded (0ms)
		ExecutionOrderSort2 (0ms)
		AwakeInstancesAfterBackupRestoration (19ms)
Refreshing native plugins compatible for Editor in 2.33 ms, found 4 plugins.
Preloading 0 native plugins for Editor in 0.00 ms.
Unloading 29 Unused Serialized files (Serialized files now loaded: 0)
Unloading 7425 unused Assets / (7.9 MB). Loaded Objects now: 8555.
Memory consumption went from 156.1 MB to 148.2 MB.
Total: 22.293500 ms (FindLiveObjects: 2.240500 ms CreateObjectMapping: 1.725000 ms MarkObjects: 9.250600 ms  DeleteObjects: 9.073800 ms)

Prepare: number of updated asset objects reloaded= 0
========================================================================
Received Import Request.
  Time since last request: 16879.888296 seconds.
  path: Assets/Prefabs/Zombies/Hopping Torso/Hopping Torso.prefab
  artifactKey: Guid(446cc89e28448aa48bf63379d28c54d9) Importer(815301076,1909f56bfc062723c751e8b465ee728b)
Start importing Assets/Prefabs/Zombies/Hopping Torso/Hopping Torso.prefab using Guid(446cc89e28448aa48bf63379d28c54d9) Importer(815301076,1909f56bfc062723c751e8b465ee728b) (PreviewImporter) -> (artifact id: '162e8bd9cf7f2adbe3195599534aed9d') in 6.3521508 seconds
Number of updated asset objects reloaded before import = 1Number of asset objects unloaded after import = 83

========================================================================
Received Import Request.
  Time since last request: 186.694623 seconds.
  path: Assets/Prefabs/Weapons/Arrows/Arrow Red.prefab
  artifactKey: Guid(e10356814958f45459f3248e219cf7c4) Importer(815301076,1909f56bfc062723c751e8b465ee728b)
Start importing Assets/Prefabs/Weapons/Arrows/Arrow Red.prefab using Guid(e10356814958f45459f3248e219cf7c4) Importer(815301076,1909f56bfc062723c751e8b465ee728b) (PreviewImporter) -> (artifact id: '2bf953f63a2dcb6cf59c7284cc308e8d') in 0.0918825 seconds
Number of updated asset objects reloaded before import = 0Number of asset objects unloaded after import = 18

========================================================================
Received Import Request.
  Time since last request: 48.794440 seconds.
  path: Assets/TextMesh Pro/Resources/Fonts & Materials/Atland BB SDF.asset
  artifactKey: Guid(066b94107adba614fbc176c379b82de9) Importer(815301076,1909f56bfc062723c751e8b465ee728b)
Start importing Assets/TextMesh Pro/Resources/Fonts & Materials/Atland BB SDF.asset using Guid(066b94107adba614fbc176c379b82de9) Importer(815301076,1909f56bfc062723c751e8b465ee728b) (PreviewImporter) -> (artifact id: '86c7ae0f73915ced10276784a1648762') in 0.2042927 seconds
Number of updated asset objects reloaded before import = 0Number of asset objects unloaded after import = 6

========================================================================
Received Import Request.
  Time since last request: 0.000077 seconds.
  path: Assets/Prefabs/Humans/Katana Samurai/Materials/Katana Samurai.mat
  artifactKey: Guid(bb31e4a008d0ea54fb5407515dc5ce0b) Importer(815301076,1909f56bfc062723c751e8b465ee728b)
Start importing Assets/Prefabs/Humans/Katana Samurai/Materials/Katana Samurai.mat using Guid(bb31e4a008d0ea54fb5407515dc5ce0b) Importer(815301076,1909f56bfc062723c751e8b465ee728b) (PreviewImporter) -> (artifact id: '0fcfe467bffa3380f8a6ed60e28c83af') in 0.0249029 seconds
Number of updated asset objects reloaded before import = 0Number of asset objects unloaded after import = 2

========================================================================
Received Import Request.
  Time since last request: 0.000048 seconds.
  path: Assets/Prefabs/Weapons/Knife/Knife.mat
  artifactKey: Guid(eea6c2184f33dce42b7dd4ade8255cae) Importer(815301076,1909f56bfc062723c751e8b465ee728b)
Start importing Assets/Prefabs/Weapons/Knife/Knife.mat using Guid(eea6c2184f33dce42b7dd4ade8255cae) Importer(815301076,1909f56bfc062723c751e8b465ee728b) (PreviewImporter) -> (artifact id: '97360504545baec43024015b3af4cf43') in 0.0192316 seconds
Number of updated asset objects reloaded before import = 0Number of asset objects unloaded after import = 2

========================================================================
Received Prepare
Begin MonoManager ReloadAssembly
Symbol file LoadedFromMemory is not a mono symbol file
- Loaded All Assemblies, in  9.155 seconds
Refreshing native plugins compatible for Editor in 2.61 ms, found 4 plugins.
Native extension for WindowsStandalone target not found
Native extension for WebGL target not found
Mono: successfully reloaded assembly
- Finished resetting the current domain, in  1.885 seconds
Domain Reload Profiling: 11046ms
	BeginReloadAssembly (3939ms)
		ExecutionOrderSort (5ms)
		DisableScriptedObjects (625ms)
		BackupInstance (0ms)
		ReleaseScriptingObjects (4ms)
		CreateAndSetChildDomain (2130ms)
	RebuildCommonClasses (252ms)
	RebuildNativeTypeToScriptingClass (45ms)
	initialDomainReloadingComplete (153ms)
	LoadAllAssembliesAndSetupDomain (4771ms)
		LoadAssemblies (3541ms)
		RebuildTransferFunctionScriptingTraits (0ms)
		AnalyzeDomain (1779ms)
			TypeCache.Refresh (264ms)
				TypeCache.ScanAssembly (7ms)
			BuildScriptInfoCaches (1392ms)
			ResolveRequiredComponents (56ms)
	FinalizeReload (1886ms)
		ReleaseScriptCaches (0ms)
		RebuildScriptCaches (0ms)
		SetupLoadedEditorAssemblies (1130ms)
			LogAssemblyErrors (0ms)
			InitializePlatformSupportModulesInManaged (9ms)
			SetLoadedEditorAssemblies (9ms)
			BeforeProcessingInitializeOnLoad (240ms)
			ProcessInitializeOnLoadAttributes (687ms)
			ProcessInitializeOnLoadMethodAttributes (179ms)
			AfterProcessingInitializeOnLoad (6ms)
			EditorAssembliesLoaded (1ms)
		ExecutionOrderSort2 (0ms)
		AwakeInstancesAfterBackupRestoration (19ms)
Refreshing native plugins compatible for Editor in 5.66 ms, found 4 plugins.
Preloading 0 native plugins for Editor in 0.00 ms.
Unloading 29 Unused Serialized files (Serialized files now loaded: 0)
Unloading 7427 unused Assets / (7.3 MB). Loaded Objects now: 8626.
Memory consumption went from 171.5 MB to 164.2 MB.
Total: 29.924500 ms (FindLiveObjects: 1.396500 ms CreateObjectMapping: 2.128800 ms MarkObjects: 14.358400 ms  DeleteObjects: 12.037900 ms)

Prepare: number of updated asset objects reloaded= 0
========================================================================
Received Prepare
Begin MonoManager ReloadAssembly
Symbol file LoadedFromMemory is not a mono symbol file
- Loaded All Assemblies, in  2.405 seconds
Refreshing native plugins compatible for Editor in 2.84 ms, found 4 plugins.
Native extension for WindowsStandalone target not found
Native extension for WebGL target not found
Mono: successfully reloaded assembly
- Finished resetting the current domain, in  1.860 seconds
Domain Reload Profiling: 4262ms
	BeginReloadAssembly (1066ms)
		ExecutionOrderSort (0ms)
		DisableScriptedObjects (17ms)
		BackupInstance (0ms)
		ReleaseScriptingObjects (0ms)
		CreateAndSetChildDomain (146ms)
	RebuildCommonClasses (125ms)
	RebuildNativeTypeToScriptingClass (37ms)
	initialDomainReloadingComplete (82ms)
	LoadAllAssembliesAndSetupDomain (1091ms)
		LoadAssemblies (1437ms)
		RebuildTransferFunctionScriptingTraits (0ms)
		AnalyzeDomain (407ms)
			TypeCache.Refresh (12ms)
				TypeCache.ScanAssembly (0ms)
			BuildScriptInfoCaches (375ms)
			ResolveRequiredComponents (15ms)
	FinalizeReload (1861ms)
		ReleaseScriptCaches (0ms)
		RebuildScriptCaches (0ms)
		SetupLoadedEditorAssemblies (1346ms)
			LogAssemblyErrors (0ms)
			InitializePlatformSupportModulesInManaged (4ms)
			SetLoadedEditorAssemblies (9ms)
			BeforeProcessingInitializeOnLoad (324ms)
			ProcessInitializeOnLoadAttributes (813ms)
			ProcessInitializeOnLoadMethodAttributes (185ms)
			AfterProcessingInitializeOnLoad (9ms)
			EditorAssembliesLoaded (1ms)
		ExecutionOrderSort2 (0ms)
		AwakeInstancesAfterBackupRestoration (50ms)
Refreshing native plugins compatible for Editor in 1.85 ms, found 4 plugins.
Preloading 0 native plugins for Editor in 0.00 ms.
Unloading 29 Unused Serialized files (Serialized files now loaded: 0)
Unloading 7425 unused Assets / (7.1 MB). Loaded Objects now: 8631.
Memory consumption went from 171.3 MB to 164.2 MB.
Total: 17.389200 ms (FindLiveObjects: 1.713500 ms CreateObjectMapping: 0.967100 ms MarkObjects: 7.698800 ms  DeleteObjects: 7.008700 ms)

Prepare: number of updated asset objects reloaded= 0
========================================================================
Received Prepare
Begin MonoManager ReloadAssembly
Symbol file LoadedFromMemory is not a mono symbol file
- Loaded All Assemblies, in  6.547 seconds
Refreshing native plugins compatible for Editor in 2.86 ms, found 4 plugins.
Native extension for WindowsStandalone target not found
Native extension for WebGL target not found
Mono: successfully reloaded assembly
- Finished resetting the current domain, in  2.035 seconds
Domain Reload Profiling: 8588ms
	BeginReloadAssembly (3841ms)
		ExecutionOrderSort (0ms)
		DisableScriptedObjects (123ms)
		BackupInstance (0ms)
		ReleaseScriptingObjects (1ms)
		CreateAndSetChildDomain (1132ms)
	RebuildCommonClasses (94ms)
	RebuildNativeTypeToScriptingClass (25ms)
	initialDomainReloadingComplete (98ms)
	LoadAllAssembliesAndSetupDomain (2493ms)
		LoadAssemblies (3860ms)
		RebuildTransferFunctionScriptingTraits (0ms)
		AnalyzeDomain (699ms)
			TypeCache.Refresh (75ms)
				TypeCache.ScanAssembly (3ms)
			BuildScriptInfoCaches (584ms)
			ResolveRequiredComponents (24ms)
	FinalizeReload (2037ms)
		ReleaseScriptCaches (0ms)
		RebuildScriptCaches (0ms)
		SetupLoadedEditorAssemblies (1472ms)
			LogAssemblyErrors (0ms)
			InitializePlatformSupportModulesInManaged (9ms)
			SetLoadedEditorAssemblies (10ms)
			BeforeProcessingInitializeOnLoad (285ms)
			ProcessInitializeOnLoadAttributes (963ms)
			ProcessInitializeOnLoadMethodAttributes (198ms)
			AfterProcessingInitializeOnLoad (7ms)
			EditorAssembliesLoaded (1ms)
		ExecutionOrderSort2 (0ms)
		AwakeInstancesAfterBackupRestoration (28ms)
Refreshing native plugins compatible for Editor in 3.92 ms, found 4 plugins.
Preloading 0 native plugins for Editor in 0.00 ms.
Unloading 29 Unused Serialized files (Serialized files now loaded: 0)
Unloading 7425 unused Assets / (9.0 MB). Loaded Objects now: 8636.
Memory consumption went from 171.3 MB to 162.3 MB.
Total: 32.703100 ms (FindLiveObjects: 1.638100 ms CreateObjectMapping: 1.189700 ms MarkObjects: 13.043100 ms  DeleteObjects: 16.827600 ms)

Prepare: number of updated asset objects reloaded= 0
========================================================================
Received Prepare
Begin MonoManager ReloadAssembly
Symbol file LoadedFromMemory is not a mono symbol file
- Loaded All Assemblies, in  1.474 seconds
Refreshing native plugins compatible for Editor in 1.92 ms, found 4 plugins.
Native extension for WindowsStandalone target not found
Native extension for WebGL target not found
Mono: successfully reloaded assembly
- Finished resetting the current domain, in  1.486 seconds
Domain Reload Profiling: 2960ms
	BeginReloadAssembly (454ms)
		ExecutionOrderSort (0ms)
		DisableScriptedObjects (42ms)
		BackupInstance (0ms)
		ReleaseScriptingObjects (0ms)
		CreateAndSetChildDomain (110ms)
	RebuildCommonClasses (80ms)
	RebuildNativeTypeToScriptingClass (20ms)
	initialDomainReloadingComplete (46ms)
	LoadAllAssembliesAndSetupDomain (873ms)
		LoadAssemblies (668ms)
		RebuildTransferFunctionScriptingTraits (0ms)
		AnalyzeDomain (398ms)
			TypeCache.Refresh (9ms)
				TypeCache.ScanAssembly (0ms)
			BuildScriptInfoCaches (366ms)
			ResolveRequiredComponents (18ms)
	FinalizeReload (1487ms)
		ReleaseScriptCaches (0ms)
		RebuildScriptCaches (0ms)
		SetupLoadedEditorAssemblies (1099ms)
			LogAssemblyErrors (0ms)
			InitializePlatformSupportModulesInManaged (6ms)
			SetLoadedEditorAssemblies (6ms)
			BeforeProcessingInitializeOnLoad (238ms)
			ProcessInitializeOnLoadAttributes (698ms)
			ProcessInitializeOnLoadMethodAttributes (141ms)
			AfterProcessingInitializeOnLoad (9ms)
			EditorAssembliesLoaded (1ms)
		ExecutionOrderSort2 (0ms)
		AwakeInstancesAfterBackupRestoration (24ms)
Refreshing native plugins compatible for Editor in 6.37 ms, found 4 plugins.
Preloading 0 native plugins for Editor in 0.00 ms.
Unloading 29 Unused Serialized files (Serialized files now loaded: 0)
Unloading 7425 unused Assets / (8.0 MB). Loaded Objects now: 8641.
Memory consumption went from 171.3 MB to 163.3 MB.
Total: 38.820500 ms (FindLiveObjects: 1.590800 ms CreateObjectMapping: 1.635600 ms MarkObjects: 10.697800 ms  DeleteObjects: 24.893800 ms)

Prepare: number of updated asset objects reloaded= 0
========================================================================
Received Prepare
Begin MonoManager ReloadAssembly
Symbol file LoadedFromMemory is not a mono symbol file
- Loaded All Assemblies, in  1.669 seconds
Refreshing native plugins compatible for Editor in 2.57 ms, found 4 plugins.
Native extension for WindowsStandalone target not found
Native extension for WebGL target not found
Mono: successfully reloaded assembly
- Finished resetting the current domain, in  1.450 seconds
Domain Reload Profiling: 3120ms
	BeginReloadAssembly (447ms)
		ExecutionOrderSort (0ms)
		DisableScriptedObjects (25ms)
		BackupInstance (0ms)
		ReleaseScriptingObjects (1ms)
		CreateAndSetChildDomain (121ms)
	RebuildCommonClasses (56ms)
	RebuildNativeTypeToScriptingClass (16ms)
	initialDomainReloadingComplete (50ms)
	LoadAllAssembliesAndSetupDomain (1100ms)
		LoadAssemblies (845ms)
		RebuildTransferFunctionScriptingTraits (0ms)
		AnalyzeDomain (438ms)
			TypeCache.Refresh (27ms)
				TypeCache.ScanAssembly (2ms)
			BuildScriptInfoCaches (388ms)
			ResolveRequiredComponents (14ms)
	FinalizeReload (1451ms)
		ReleaseScriptCaches (0ms)
		RebuildScriptCaches (0ms)
		SetupLoadedEditorAssemblies (1058ms)
			LogAssemblyErrors (0ms)
			InitializePlatformSupportModulesInManaged (4ms)
			SetLoadedEditorAssemblies (10ms)
			BeforeProcessingInitializeOnLoad (227ms)
			ProcessInitializeOnLoadAttributes (659ms)
			ProcessInitializeOnLoadMethodAttributes (149ms)
			AfterProcessingInitializeOnLoad (9ms)
			EditorAssembliesLoaded (0ms)
		ExecutionOrderSort2 (0ms)
		AwakeInstancesAfterBackupRestoration (31ms)
Refreshing native plugins compatible for Editor in 8.05 ms, found 4 plugins.
Preloading 0 native plugins for Editor in 0.00 ms.
Unloading 29 Unused Serialized files (Serialized files now loaded: 0)
Unloading 7425 unused Assets / (7.1 MB). Loaded Objects now: 8646.
Memory consumption went from 171.3 MB to 164.1 MB.
Total: 22.669300 ms (FindLiveObjects: 1.858200 ms CreateObjectMapping: 1.789300 ms MarkObjects: 9.398000 ms  DeleteObjects: 9.622000 ms)

Prepare: number of updated asset objects reloaded= 0
========================================================================
Received Prepare
Begin MonoManager ReloadAssembly
Symbol file LoadedFromMemory is not a mono symbol file
- Loaded All Assemblies, in  5.131 seconds
Refreshing native plugins compatible for Editor in 3.92 ms, found 4 plugins.
Native extension for WindowsStandalone target not found
Native extension for WebGL target not found
Mono: successfully reloaded assembly
- Finished resetting the current domain, in  2.382 seconds
Domain Reload Profiling: 7526ms
	BeginReloadAssembly (2234ms)
		ExecutionOrderSort (2ms)
		DisableScriptedObjects (185ms)
		BackupInstance (0ms)
		ReleaseScriptingObjects (5ms)
		CreateAndSetChildDomain (888ms)
	RebuildCommonClasses (98ms)
	RebuildNativeTypeToScriptingClass (24ms)
	initialDomainReloadingComplete (100ms)
	LoadAllAssembliesAndSetupDomain (2688ms)
		LoadAssemblies (2140ms)
		RebuildTransferFunctionScriptingTraits (0ms)
		AnalyzeDomain (1051ms)
			TypeCache.Refresh (70ms)
				TypeCache.ScanAssembly (5ms)
			BuildScriptInfoCaches (886ms)
			ResolveRequiredComponents (47ms)
	FinalizeReload (2383ms)
		ReleaseScriptCaches (0ms)
		RebuildScriptCaches (0ms)
		SetupLoadedEditorAssemblies (1473ms)
			LogAssemblyErrors (0ms)
			InitializePlatformSupportModulesInManaged (10ms)
			SetLoadedEditorAssemblies (11ms)
			BeforeProcessingInitializeOnLoad (371ms)
			ProcessInitializeOnLoadAttributes (822ms)
			ProcessInitializeOnLoadMethodAttributes (250ms)
			AfterProcessingInitializeOnLoad (8ms)
			EditorAssembliesLoaded (1ms)
		ExecutionOrderSort2 (0ms)
		AwakeInstancesAfterBackupRestoration (31ms)
Refreshing native plugins compatible for Editor in 4.48 ms, found 4 plugins.
Preloading 0 native plugins for Editor in 0.00 ms.
Unloading 29 Unused Serialized files (Serialized files now loaded: 0)
Unloading 7425 unused Assets / (6.7 MB). Loaded Objects now: 8651.
Memory consumption went from 171.4 MB to 164.7 MB.
Total: 31.931200 ms (FindLiveObjects: 1.393400 ms CreateObjectMapping: 2.492900 ms MarkObjects: 15.923700 ms  DeleteObjects: 12.116900 ms)

Prepare: number of updated asset objects reloaded= 0
========================================================================
Received Prepare
Begin MonoManager ReloadAssembly
Symbol file LoadedFromMemory is not a mono symbol file
- Loaded All Assemblies, in  2.918 seconds
Refreshing native plugins compatible for Editor in 2.22 ms, found 4 plugins.
Native extension for WindowsStandalone target not found
Native extension for WebGL target not found
Mono: successfully reloaded assembly
- Finished resetting the current domain, in  2.751 seconds
Domain Reload Profiling: 5672ms
	BeginReloadAssembly (947ms)
		ExecutionOrderSort (0ms)
		DisableScriptedObjects (14ms)
		BackupInstance (0ms)
		ReleaseScriptingObjects (0ms)
		CreateAndSetChildDomain (215ms)
	RebuildCommonClasses (157ms)
	RebuildNativeTypeToScriptingClass (25ms)
	initialDomainReloadingComplete (90ms)
	LoadAllAssembliesAndSetupDomain (1702ms)
		LoadAssemblies (1339ms)
		RebuildTransferFunctionScriptingTraits (0ms)
		AnalyzeDomain (840ms)
			TypeCache.Refresh (24ms)
				TypeCache.ScanAssembly (5ms)
			BuildScriptInfoCaches (698ms)
			ResolveRequiredComponents (96ms)
	FinalizeReload (2752ms)
		ReleaseScriptCaches (0ms)
		RebuildScriptCaches (0ms)
		SetupLoadedEditorAssemblies (1933ms)
			LogAssemblyErrors (0ms)
			InitializePlatformSupportModulesInManaged (6ms)
			SetLoadedEditorAssemblies (18ms)
			BeforeProcessingInitializeOnLoad (376ms)
			ProcessInitializeOnLoadAttributes (1289ms)
			ProcessInitializeOnLoadMethodAttributes (233ms)
			AfterProcessingInitializeOnLoad (11ms)
			EditorAssembliesLoaded (0ms)
		ExecutionOrderSort2 (0ms)
		AwakeInstancesAfterBackupRestoration (34ms)
Refreshing native plugins compatible for Editor in 6.29 ms, found 4 plugins.
Preloading 0 native plugins for Editor in 0.00 ms.
Unloading 29 Unused Serialized files (Serialized files now loaded: 0)
Unloading 7425 unused Assets / (7.6 MB). Loaded Objects now: 8656.
Memory consumption went from 171.3 MB to 163.8 MB.
Total: 32.240500 ms (FindLiveObjects: 1.623500 ms CreateObjectMapping: 2.871600 ms MarkObjects: 7.961200 ms  DeleteObjects: 19.781000 ms)

Prepare: number of updated asset objects reloaded= 0
========================================================================
Received Prepare
Begin MonoManager ReloadAssembly
Symbol file LoadedFromMemory is not a mono symbol file
- Loaded All Assemblies, in  1.882 seconds
Refreshing native plugins compatible for Editor in 2.19 ms, found 4 plugins.
Native extension for WindowsStandalone target not found
Native extension for WebGL target not found
Mono: successfully reloaded assembly
- Finished resetting the current domain, in  1.638 seconds
Domain Reload Profiling: 3525ms
	BeginReloadAssembly (514ms)
		ExecutionOrderSort (0ms)
		DisableScriptedObjects (17ms)
		BackupInstance (0ms)
		ReleaseScriptingObjects (0ms)
		CreateAndSetChildDomain (134ms)
	RebuildCommonClasses (89ms)
	RebuildNativeTypeToScriptingClass (20ms)
	initialDomainReloadingComplete (49ms)
	LoadAllAssembliesAndSetupDomain (1213ms)
		LoadAssemblies (892ms)
		RebuildTransferFunctionScriptingTraits (0ms)
		AnalyzeDomain (575ms)
			TypeCache.Refresh (15ms)
				TypeCache.ScanAssembly (0ms)
			BuildScriptInfoCaches (527ms)
			ResolveRequiredComponents (22ms)
	FinalizeReload (1639ms)
		ReleaseScriptCaches (0ms)
		RebuildScriptCaches (0ms)
		SetupLoadedEditorAssemblies (1259ms)
			LogAssemblyErrors (0ms)
			InitializePlatformSupportModulesInManaged (6ms)
			SetLoadedEditorAssemblies (10ms)
			BeforeProcessingInitializeOnLoad (283ms)
			ProcessInitializeOnLoadAttributes (748ms)
			ProcessInitializeOnLoadMethodAttributes (203ms)
			AfterProcessingInitializeOnLoad (8ms)
			EditorAssembliesLoaded (1ms)
		ExecutionOrderSort2 (0ms)
		AwakeInstancesAfterBackupRestoration (36ms)
Refreshing native plugins compatible for Editor in 2.69 ms, found 4 plugins.
Preloading 0 native plugins for Editor in 0.00 ms.
Unloading 29 Unused Serialized files (Serialized files now loaded: 0)
Unloading 7425 unused Assets / (7.0 MB). Loaded Objects now: 8661.
Memory consumption went from 171.4 MB to 164.3 MB.
Total: 17.197000 ms (FindLiveObjects: 1.841400 ms CreateObjectMapping: 0.822800 ms MarkObjects: 8.084800 ms  DeleteObjects: 6.446500 ms)

Prepare: number of updated asset objects reloaded= 0
========================================================================
Received Prepare
Begin MonoManager ReloadAssembly
Symbol file LoadedFromMemory is not a mono symbol file
- Loaded All Assemblies, in  2.054 seconds
Refreshing native plugins compatible for Editor in 4.25 ms, found 4 plugins.
Native extension for WindowsStandalone target not found
Native extension for WebGL target not found
Mono: successfully reloaded assembly
- Finished resetting the current domain, in  2.462 seconds
Domain Reload Profiling: 4518ms
	BeginReloadAssembly (453ms)
		ExecutionOrderSort (0ms)
		DisableScriptedObjects (20ms)
		BackupInstance (0ms)
		ReleaseScriptingObjects (0ms)
		CreateAndSetChildDomain (130ms)
	RebuildCommonClasses (118ms)
	RebuildNativeTypeToScriptingClass (30ms)
	initialDomainReloadingComplete (79ms)
	LoadAllAssembliesAndSetupDomain (1375ms)
		LoadAssemblies (924ms)
		RebuildTransferFunctionScriptingTraits (0ms)
		AnalyzeDomain (651ms)
			TypeCache.Refresh (22ms)
				TypeCache.ScanAssembly (2ms)
			BuildScriptInfoCaches (581ms)
			ResolveRequiredComponents (32ms)
	FinalizeReload (2463ms)
		ReleaseScriptCaches (0ms)
		RebuildScriptCaches (0ms)
		SetupLoadedEditorAssemblies (1491ms)
			LogAssemblyErrors (0ms)
			InitializePlatformSupportModulesInManaged (5ms)
			SetLoadedEditorAssemblies (13ms)
			BeforeProcessingInitializeOnLoad (298ms)
			ProcessInitializeOnLoadAttributes (952ms)
			ProcessInitializeOnLoadMethodAttributes (213ms)
			AfterProcessingInitializeOnLoad (9ms)
			EditorAssembliesLoaded (1ms)
		ExecutionOrderSort2 (0ms)
		AwakeInstancesAfterBackupRestoration (40ms)
Refreshing native plugins compatible for Editor in 3.86 ms, found 4 plugins.
Preloading 0 native plugins for Editor in 0.00 ms.
Unloading 29 Unused Serialized files (Serialized files now loaded: 0)
Unloading 7425 unused Assets / (8.3 MB). Loaded Objects now: 8666.
Memory consumption went from 171.4 MB to 163.1 MB.
Total: 24.270700 ms (FindLiveObjects: 3.148500 ms CreateObjectMapping: 2.059100 ms MarkObjects: 8.356700 ms  DeleteObjects: 10.700900 ms)

Prepare: number of updated asset objects reloaded= 0
========================================================================
Received Prepare
Begin MonoManager ReloadAssembly
Symbol file LoadedFromMemory is not a mono symbol file
- Loaded All Assemblies, in  1.192 seconds
Refreshing native plugins compatible for Editor in 1.75 ms, found 4 plugins.
Native extension for WindowsStandalone target not found
Native extension for WebGL target not found
Mono: successfully reloaded assembly
- Finished resetting the current domain, in  1.578 seconds
Domain Reload Profiling: 2771ms
	BeginReloadAssembly (324ms)
		ExecutionOrderSort (0ms)
		DisableScriptedObjects (11ms)
		BackupInstance (0ms)
		ReleaseScriptingObjects (0ms)
		CreateAndSetChildDomain (86ms)
	RebuildCommonClasses (44ms)
	RebuildNativeTypeToScriptingClass (17ms)
	initialDomainReloadingComplete (40ms)
	LoadAllAssembliesAndSetupDomain (768ms)
		LoadAssemblies (535ms)
		RebuildTransferFunctionScriptingTraits (0ms)
		AnalyzeDomain (388ms)
			TypeCache.Refresh (9ms)
				TypeCache.ScanAssembly (0ms)
			BuildScriptInfoCaches (357ms)
			ResolveRequiredComponents (15ms)
	FinalizeReload (1579ms)
		ReleaseScriptCaches (0ms)
		RebuildScriptCaches (0ms)
		SetupLoadedEditorAssemblies (946ms)
			LogAssemblyErrors (0ms)
			InitializePlatformSupportModulesInManaged (4ms)
			SetLoadedEditorAssemblies (8ms)
			BeforeProcessingInitializeOnLoad (202ms)
			ProcessInitializeOnLoadAttributes (596ms)
			ProcessInitializeOnLoadMethodAttributes (129ms)
			AfterProcessingInitializeOnLoad (7ms)
			EditorAssembliesLoaded (0ms)
		ExecutionOrderSort2 (0ms)
		AwakeInstancesAfterBackupRestoration (24ms)
Refreshing native plugins compatible for Editor in 2.93 ms, found 4 plugins.
Preloading 0 native plugins for Editor in 0.00 ms.
Unloading 29 Unused Serialized files (Serialized files now loaded: 0)
Unloading 7425 unused Assets / (8.1 MB). Loaded Objects now: 8671.
Memory consumption went from 171.3 MB to 163.2 MB.
Total: 17.269500 ms (FindLiveObjects: 1.203700 ms CreateObjectMapping: 1.300300 ms MarkObjects: 6.605500 ms  DeleteObjects: 8.157500 ms)

Prepare: number of updated asset objects reloaded= 0
========================================================================
Received Prepare
Begin MonoManager ReloadAssembly
Symbol file LoadedFromMemory is not a mono symbol file
- Loaded All Assemblies, in  1.730 seconds
Refreshing native plugins compatible for Editor in 2.82 ms, found 4 plugins.
Native extension for WindowsStandalone target not found
Native extension for WebGL target not found
Mono: successfully reloaded assembly
- Finished resetting the current domain, in  1.335 seconds
Domain Reload Profiling: 3063ms
	BeginReloadAssembly (354ms)
		ExecutionOrderSort (0ms)
		DisableScriptedObjects (10ms)
		BackupInstance (0ms)
		ReleaseScriptingObjects (0ms)
		CreateAndSetChildDomain (72ms)
	RebuildCommonClasses (88ms)
	RebuildNativeTypeToScriptingClass (155ms)
	initialDomainReloadingComplete (176ms)
	LoadAllAssembliesAndSetupDomain (954ms)
		LoadAssemblies (706ms)
		RebuildTransferFunctionScriptingTraits (0ms)
		AnalyzeDomain (441ms)
			TypeCache.Refresh (11ms)
				TypeCache.ScanAssembly (0ms)
			BuildScriptInfoCaches (406ms)
			ResolveRequiredComponents (17ms)
	FinalizeReload (1336ms)
		ReleaseScriptCaches (0ms)
		RebuildScriptCaches (0ms)
		SetupLoadedEditorAssemblies (992ms)
			LogAssemblyErrors (0ms)
			InitializePlatformSupportModulesInManaged (4ms)
			SetLoadedEditorAssemblies (10ms)
			BeforeProcessingInitializeOnLoad (225ms)
			ProcessInitializeOnLoadAttributes (600ms)
			ProcessInitializeOnLoadMethodAttributes (144ms)
			AfterProcessingInitializeOnLoad (8ms)
			EditorAssembliesLoaded (0ms)
		ExecutionOrderSort2 (0ms)
		AwakeInstancesAfterBackupRestoration (31ms)
Refreshing native plugins compatible for Editor in 3.33 ms, found 4 plugins.
Preloading 0 native plugins for Editor in 0.00 ms.
Unloading 29 Unused Serialized files (Serialized files now loaded: 0)
Unloading 7425 unused Assets / (6.4 MB). Loaded Objects now: 8676.
Memory consumption went from 171.4 MB to 165.0 MB.
Total: 21.879800 ms (FindLiveObjects: 1.585700 ms CreateObjectMapping: 1.678700 ms MarkObjects: 9.781700 ms  DeleteObjects: 8.830200 ms)

Prepare: number of updated asset objects reloaded= 0
========================================================================
Received Prepare
Begin MonoManager ReloadAssembly
Symbol file LoadedFromMemory is not a mono symbol file
- Loaded All Assemblies, in  2.076 seconds
Refreshing native plugins compatible for Editor in 3.70 ms, found 4 plugins.
Native extension for WindowsStandalone target not found
Native extension for WebGL target not found
Mono: successfully reloaded assembly
- Finished resetting the current domain, in  2.153 seconds
Domain Reload Profiling: 4241ms
	BeginReloadAssembly (629ms)
		ExecutionOrderSort (0ms)
		DisableScriptedObjects (35ms)
		BackupInstance (0ms)
		ReleaseScriptingObjects (1ms)
		CreateAndSetChildDomain (284ms)
	RebuildCommonClasses (65ms)
	RebuildNativeTypeToScriptingClass (23ms)
	initialDomainReloadingComplete (49ms)
	LoadAllAssembliesAndSetupDomain (1321ms)
		LoadAssemblies (907ms)
		RebuildTransferFunctionScriptingTraits (0ms)
		AnalyzeDomain (566ms)
			TypeCache.Refresh (43ms)
				TypeCache.ScanAssembly (3ms)
			BuildScriptInfoCaches (477ms)
			ResolveRequiredComponents (26ms)
	FinalizeReload (2154ms)
		ReleaseScriptCaches (0ms)
		RebuildScriptCaches (0ms)
		SetupLoadedEditorAssemblies (1465ms)
			LogAssemblyErrors (0ms)
			InitializePlatformSupportModulesInManaged (8ms)
			SetLoadedEditorAssemblies (17ms)
			BeforeProcessingInitializeOnLoad (278ms)
			ProcessInitializeOnLoadAttributes (726ms)
			ProcessInitializeOnLoadMethodAttributes (272ms)
			AfterProcessingInitializeOnLoad (163ms)
			EditorAssembliesLoaded (1ms)
		ExecutionOrderSort2 (0ms)
		AwakeInstancesAfterBackupRestoration (39ms)
Refreshing native plugins compatible for Editor in 4.54 ms, found 4 plugins.
Preloading 0 native plugins for Editor in 0.00 ms.
Unloading 29 Unused Serialized files (Serialized files now loaded: 0)
Unloading 7425 unused Assets / (7.6 MB). Loaded Objects now: 8681.
Memory consumption went from 171.4 MB to 163.8 MB.
Total: 27.551500 ms (FindLiveObjects: 2.542600 ms CreateObjectMapping: 1.821700 ms MarkObjects: 13.797500 ms  DeleteObjects: 9.378200 ms)

Prepare: number of updated asset objects reloaded= 0
========================================================================
Received Prepare
Begin MonoManager ReloadAssembly
Symbol file LoadedFromMemory is not a mono symbol file
- Loaded All Assemblies, in  1.178 seconds
Refreshing native plugins compatible for Editor in 2.27 ms, found 4 plugins.
Native extension for WindowsStandalone target not found
Native extension for WebGL target not found
Mono: successfully reloaded assembly
- Finished resetting the current domain, in  1.181 seconds
Domain Reload Profiling: 2358ms
	BeginReloadAssembly (317ms)
		ExecutionOrderSort (0ms)
		DisableScriptedObjects (11ms)
		BackupInstance (0ms)
		ReleaseScriptingObjects (0ms)
		CreateAndSetChildDomain (78ms)
	RebuildCommonClasses (69ms)
	RebuildNativeTypeToScriptingClass (16ms)
	initialDomainReloadingComplete (46ms)
	LoadAllAssembliesAndSetupDomain (728ms)
		LoadAssemblies (542ms)
		RebuildTransferFunctionScriptingTraits (0ms)
		AnalyzeDomain (341ms)
			TypeCache.Refresh (10ms)
				TypeCache.ScanAssembly (0ms)
			BuildScriptInfoCaches (303ms)
			ResolveRequiredComponents (22ms)
	FinalizeReload (1182ms)
		ReleaseScriptCaches (0ms)
		RebuildScriptCaches (0ms)
		SetupLoadedEditorAssemblies (872ms)
			LogAssemblyErrors (0ms)
			InitializePlatformSupportModulesInManaged (3ms)
			SetLoadedEditorAssemblies (8ms)
			BeforeProcessingInitializeOnLoad (216ms)
			ProcessInitializeOnLoadAttributes (521ms)
			ProcessInitializeOnLoadMethodAttributes (119ms)
			AfterProcessingInitializeOnLoad (5ms)
			EditorAssembliesLoaded (0ms)
		ExecutionOrderSort2 (0ms)
		AwakeInstancesAfterBackupRestoration (16ms)
Refreshing native plugins compatible for Editor in 3.06 ms, found 4 plugins.
Preloading 0 native plugins for Editor in 0.00 ms.
Unloading 29 Unused Serialized files (Serialized files now loaded: 0)
Unloading 7425 unused Assets / (8.1 MB). Loaded Objects now: 8686.
Memory consumption went from 171.4 MB to 163.2 MB.
Total: 21.590900 ms (FindLiveObjects: 1.136600 ms CreateObjectMapping: 0.972800 ms MarkObjects: 8.638200 ms  DeleteObjects: 10.841100 ms)

Prepare: number of updated asset objects reloaded= 0
========================================================================
Received Prepare
Begin MonoManager ReloadAssembly
Symbol file LoadedFromMemory is not a mono symbol file
- Loaded All Assemblies, in  1.833 seconds
Refreshing native plugins compatible for Editor in 4.20 ms, found 4 plugins.
Native extension for WindowsStandalone target not found
Native extension for WebGL target not found
Mono: successfully reloaded assembly
- Finished resetting the current domain, in  1.731 seconds
Domain Reload Profiling: 3715ms
	BeginReloadAssembly (316ms)
		ExecutionOrderSort (0ms)
		DisableScriptedObjects (12ms)
		BackupInstance (0ms)
		ReleaseScriptingObjects (0ms)
		CreateAndSetChildDomain (85ms)
	RebuildCommonClasses (59ms)
	RebuildNativeTypeToScriptingClass (18ms)
	initialDomainReloadingComplete (43ms)
	LoadAllAssembliesAndSetupDomain (1547ms)
		LoadAssemblies (627ms)
		RebuildTransferFunctionScriptingTraits (0ms)
		AnalyzeDomain (908ms)
			TypeCache.Refresh (22ms)
				TypeCache.ScanAssembly (0ms)
			BuildScriptInfoCaches (745ms)
			ResolveRequiredComponents (32ms)
	FinalizeReload (1732ms)
		ReleaseScriptCaches (0ms)
		RebuildScriptCaches (0ms)
		SetupLoadedEditorAssemblies (1281ms)
			LogAssemblyErrors (0ms)
			InitializePlatformSupportModulesInManaged (8ms)
			SetLoadedEditorAssemblies (11ms)
			BeforeProcessingInitializeOnLoad (283ms)
			ProcessInitializeOnLoadAttributes (796ms)
			ProcessInitializeOnLoadMethodAttributes (173ms)
			AfterProcessingInitializeOnLoad (9ms)
			EditorAssembliesLoaded (0ms)
		ExecutionOrderSort2 (0ms)
		AwakeInstancesAfterBackupRestoration (28ms)
Refreshing native plugins compatible for Editor in 3.17 ms, found 4 plugins.
Preloading 0 native plugins for Editor in 0.00 ms.
Unloading 29 Unused Serialized files (Serialized files now loaded: 0)
Unloading 7425 unused Assets / (8.0 MB). Loaded Objects now: 8691.
Memory consumption went from 171.4 MB to 163.4 MB.
Total: 26.150500 ms (FindLiveObjects: 1.305500 ms CreateObjectMapping: 1.616100 ms MarkObjects: 11.594300 ms  DeleteObjects: 11.631300 ms)

Prepare: number of updated asset objects reloaded= 0
========================================================================
Received Prepare
Refreshing native plugins compatible for Editor in 3.94 ms, found 4 plugins.
Preloading 0 native plugins for Editor in 0.00 ms.
Unloading 29 Unused Serialized files (Serialized files now loaded: 0)
Unloading 7414 unused Assets / (7.9 MB). Loaded Objects now: 8691.
Memory consumption went from 171.5 MB to 163.7 MB.
Total: 22.982200 ms (FindLiveObjects: 1.358500 ms CreateObjectMapping: 1.796500 ms MarkObjects: 11.095900 ms  DeleteObjects: 8.728800 ms)

Prepare: number of updated asset objects reloaded= 0
========================================================================
Received Prepare
Begin MonoManager ReloadAssembly
Symbol file LoadedFromMemory is not a mono symbol file
- Loaded All Assemblies, in  1.216 seconds
Refreshing native plugins compatible for Editor in 2.99 ms, found 4 plugins.
Native extension for WindowsStandalone target not found
Native extension for WebGL target not found
Mono: successfully reloaded assembly
- Finished resetting the current domain, in  1.245 seconds
Domain Reload Profiling: 2459ms
	BeginReloadAssembly (295ms)
		ExecutionOrderSort (0ms)
		DisableScriptedObjects (8ms)
		BackupInstance (0ms)
		ReleaseScriptingObjects (0ms)
		CreateAndSetChildDomain (88ms)
	RebuildCommonClasses (56ms)
	RebuildNativeTypeToScriptingClass (22ms)
	initialDomainReloadingComplete (49ms)
	LoadAllAssembliesAndSetupDomain (791ms)
		LoadAssemblies (528ms)
		RebuildTransferFunctionScriptingTraits (0ms)
		AnalyzeDomain (394ms)
			TypeCache.Refresh (16ms)
				TypeCache.ScanAssembly (1ms)
			BuildScriptInfoCaches (347ms)
			ResolveRequiredComponents (24ms)
	FinalizeReload (1245ms)
		ReleaseScriptCaches (0ms)
		RebuildScriptCaches (0ms)
		SetupLoadedEditorAssemblies (920ms)
			LogAssemblyErrors (0ms)
			InitializePlatformSupportModulesInManaged (3ms)
			SetLoadedEditorAssemblies (8ms)
			BeforeProcessingInitializeOnLoad (225ms)
			ProcessInitializeOnLoadAttributes (539ms)
			ProcessInitializeOnLoadMethodAttributes (139ms)
			AfterProcessingInitializeOnLoad (5ms)
			EditorAssembliesLoaded (0ms)
		ExecutionOrderSort2 (0ms)
		AwakeInstancesAfterBackupRestoration (23ms)
Refreshing native plugins compatible for Editor in 1.96 ms, found 4 plugins.
Preloading 0 native plugins for Editor in 0.00 ms.
Unloading 29 Unused Serialized files (Serialized files now loaded: 0)
Unloading 7425 unused Assets / (8.5 MB). Loaded Objects now: 8696.
Memory consumption went from 171.3 MB to 162.8 MB.
Total: 15.631500 ms (FindLiveObjects: 0.906500 ms CreateObjectMapping: 0.790500 ms MarkObjects: 6.142200 ms  DeleteObjects: 7.790200 ms)

Prepare: number of updated asset objects reloaded= 0
========================================================================
Received Prepare
Begin MonoManager ReloadAssembly
Symbol file LoadedFromMemory is not a mono symbol file
- Loaded All Assemblies, in  1.109 seconds
Refreshing native plugins compatible for Editor in 3.53 ms, found 4 plugins.
Native extension for WindowsStandalone target not found
Native extension for WebGL target not found
Mono: successfully reloaded assembly
- Finished resetting the current domain, in  1.358 seconds
Domain Reload Profiling: 2468ms
	BeginReloadAssembly (297ms)
		ExecutionOrderSort (0ms)
		DisableScriptedObjects (10ms)
		BackupInstance (0ms)
		ReleaseScriptingObjects (0ms)
		CreateAndSetChildDomain (76ms)
	RebuildCommonClasses (52ms)
	RebuildNativeTypeToScriptingClass (21ms)
	initialDomainReloadingComplete (35ms)
	LoadAllAssembliesAndSetupDomain (704ms)
		LoadAssemblies (522ms)
		RebuildTransferFunctionScriptingTraits (0ms)
		AnalyzeDomain (323ms)
			TypeCache.Refresh (10ms)
				TypeCache.ScanAssembly (0ms)
			BuildScriptInfoCaches (295ms)
			ResolveRequiredComponents (13ms)
	FinalizeReload (1358ms)
		ReleaseScriptCaches (0ms)
		RebuildScriptCaches (0ms)
		SetupLoadedEditorAssemblies (965ms)
			LogAssemblyErrors (0ms)
			InitializePlatformSupportModulesInManaged (3ms)
			SetLoadedEditorAssemblies (6ms)
			BeforeProcessingInitializeOnLoad (203ms)
			ProcessInitializeOnLoadAttributes (609ms)
			ProcessInitializeOnLoadMethodAttributes (135ms)
			AfterProcessingInitializeOnLoad (8ms)
			EditorAssembliesLoaded (0ms)
		ExecutionOrderSort2 (0ms)
		AwakeInstancesAfterBackupRestoration (22ms)
Refreshing native plugins compatible for Editor in 2.23 ms, found 4 plugins.
Preloading 0 native plugins for Editor in 0.00 ms.
Unloading 29 Unused Serialized files (Serialized files now loaded: 0)
Unloading 7425 unused Assets / (8.5 MB). Loaded Objects now: 8701.
Memory consumption went from 171.4 MB to 162.9 MB.
Total: 16.363900 ms (FindLiveObjects: 1.032100 ms CreateObjectMapping: 0.918500 ms MarkObjects: 7.025100 ms  DeleteObjects: 7.387000 ms)

Prepare: number of updated asset objects reloaded= 0
========================================================================
Received Prepare
Begin MonoManager ReloadAssembly
Symbol file LoadedFromMemory is not a mono symbol file
- Loaded All Assemblies, in  2.004 seconds
Refreshing native plugins compatible for Editor in 2.34 ms, found 4 plugins.
Native extension for WindowsStandalone target not found
Native extension for WebGL target not found
Mono: successfully reloaded assembly
- Finished resetting the current domain, in  1.564 seconds
Domain Reload Profiling: 3571ms
	BeginReloadAssembly (754ms)
		ExecutionOrderSort (0ms)
		DisableScriptedObjects (73ms)
		BackupInstance (0ms)
		ReleaseScriptingObjects (1ms)
		CreateAndSetChildDomain (294ms)
	RebuildCommonClasses (64ms)
	RebuildNativeTypeToScriptingClass (22ms)
	initialDomainReloadingComplete (52ms)
	LoadAllAssembliesAndSetupDomain (1116ms)
		LoadAssemblies (903ms)
		RebuildTransferFunctionScriptingTraits (0ms)
		AnalyzeDomain (393ms)
			TypeCache.Refresh (16ms)
				TypeCache.ScanAssembly (0ms)
			BuildScriptInfoCaches (353ms)
			ResolveRequiredComponents (16ms)
	FinalizeReload (1564ms)
		ReleaseScriptCaches (0ms)
		RebuildScriptCaches (0ms)
		SetupLoadedEditorAssemblies (1237ms)
			LogAssemblyErrors (0ms)
			InitializePlatformSupportModulesInManaged (4ms)
			SetLoadedEditorAssemblies (7ms)
			BeforeProcessingInitializeOnLoad (261ms)
			ProcessInitializeOnLoadAttributes (838ms)
			ProcessInitializeOnLoadMethodAttributes (121ms)
			AfterProcessingInitializeOnLoad (6ms)
			EditorAssembliesLoaded (0ms)
		ExecutionOrderSort2 (0ms)
		AwakeInstancesAfterBackupRestoration (18ms)
Refreshing native plugins compatible for Editor in 3.28 ms, found 4 plugins.
Preloading 0 native plugins for Editor in 0.00 ms.
Unloading 29 Unused Serialized files (Serialized files now loaded: 0)
Unloading 7425 unused Assets / (7.8 MB). Loaded Objects now: 8706.
Memory consumption went from 171.4 MB to 163.6 MB.
Total: 22.841700 ms (FindLiveObjects: 2.858600 ms CreateObjectMapping: 1.824000 ms MarkObjects: 8.392600 ms  DeleteObjects: 9.762300 ms)

Prepare: number of updated asset objects reloaded= 0
========================================================================
Received Prepare
Begin MonoManager ReloadAssembly
Symbol file LoadedFromMemory is not a mono symbol file
- Loaded All Assemblies, in  2.361 seconds
Refreshing native plugins compatible for Editor in 3.09 ms, found 4 plugins.
Native extension for WindowsStandalone target not found
Native extension for WebGL target not found
Mono: successfully reloaded assembly
- Finished resetting the current domain, in  1.854 seconds
Domain Reload Profiling: 4220ms
	BeginReloadAssembly (1166ms)
		ExecutionOrderSort (0ms)
		DisableScriptedObjects (43ms)
		BackupInstance (0ms)
		ReleaseScriptingObjects (1ms)
		CreateAndSetChildDomain (234ms)
	RebuildCommonClasses (68ms)
	RebuildNativeTypeToScriptingClass (17ms)
	initialDomainReloadingComplete (48ms)
	LoadAllAssembliesAndSetupDomain (1066ms)
		LoadAssemblies (1400ms)
		RebuildTransferFunctionScriptingTraits (0ms)
		AnalyzeDomain (399ms)
			TypeCache.Refresh (36ms)
				TypeCache.ScanAssembly (3ms)
			BuildScriptInfoCaches (336ms)
			ResolveRequiredComponents (18ms)
	FinalizeReload (1855ms)
		ReleaseScriptCaches (0ms)
		RebuildScriptCaches (0ms)
		SetupLoadedEditorAssemblies (1427ms)
			LogAssemblyErrors (0ms)
			InitializePlatformSupportModulesInManaged (6ms)
			SetLoadedEditorAssemblies (10ms)
			BeforeProcessingInitializeOnLoad (273ms)
			ProcessInitializeOnLoadAttributes (936ms)
			ProcessInitializeOnLoadMethodAttributes (197ms)
			AfterProcessingInitializeOnLoad (6ms)
			EditorAssembliesLoaded (0ms)
		ExecutionOrderSort2 (0ms)
		AwakeInstancesAfterBackupRestoration (40ms)
Refreshing native plugins compatible for Editor in 3.59 ms, found 4 plugins.
Preloading 0 native plugins for Editor in 0.00 ms.
Unloading 29 Unused Serialized files (Serialized files now loaded: 0)
Unloading 7425 unused Assets / (6.8 MB). Loaded Objects now: 8711.
Memory consumption went from 171.4 MB to 164.6 MB.
Total: 30.379500 ms (FindLiveObjects: 3.420400 ms CreateObjectMapping: 1.835700 ms MarkObjects: 12.798100 ms  DeleteObjects: 12.320900 ms)

Prepare: number of updated asset objects reloaded= 0
========================================================================
Received Prepare
Begin MonoManager ReloadAssembly
Symbol file LoadedFromMemory is not a mono symbol file
- Loaded All Assemblies, in  1.885 seconds
Refreshing native plugins compatible for Editor in 1.46 ms, found 4 plugins.
Native extension for WindowsStandalone target not found
Native extension for WebGL target not found
Mono: successfully reloaded assembly
- Finished resetting the current domain, in  1.616 seconds
Domain Reload Profiling: 3503ms
	BeginReloadAssembly (656ms)
		ExecutionOrderSort (0ms)
		DisableScriptedObjects (11ms)
		BackupInstance (0ms)
		ReleaseScriptingObjects (0ms)
		CreateAndSetChildDomain (201ms)
	RebuildCommonClasses (145ms)
	RebuildNativeTypeToScriptingClass (46ms)
	initialDomainReloadingComplete (64ms)
	LoadAllAssembliesAndSetupDomain (974ms)
		LoadAssemblies (652ms)
		RebuildTransferFunctionScriptingTraits (0ms)
		AnalyzeDomain (574ms)
			TypeCache.Refresh (10ms)
				TypeCache.ScanAssembly (0ms)
			BuildScriptInfoCaches (504ms)
			ResolveRequiredComponents (55ms)
	FinalizeReload (1617ms)
		ReleaseScriptCaches (0ms)
		RebuildScriptCaches (0ms)
		SetupLoadedEditorAssemblies (1161ms)
			LogAssemblyErrors (0ms)
			InitializePlatformSupportModulesInManaged (3ms)
			SetLoadedEditorAssemblies (6ms)
			BeforeProcessingInitializeOnLoad (301ms)
			ProcessInitializeOnLoadAttributes (717ms)
			ProcessInitializeOnLoadMethodAttributes (126ms)
			AfterProcessingInitializeOnLoad (7ms)
			EditorAssembliesLoaded (0ms)
		ExecutionOrderSort2 (0ms)
		AwakeInstancesAfterBackupRestoration (18ms)
Refreshing native plugins compatible for Editor in 1.81 ms, found 4 plugins.
Preloading 0 native plugins for Editor in 0.00 ms.
Unloading 29 Unused Serialized files (Serialized files now loaded: 0)
Unloading 7425 unused Assets / (7.3 MB). Loaded Objects now: 8716.
Memory consumption went from 171.4 MB to 164.1 MB.
Total: 14.826600 ms (FindLiveObjects: 1.055400 ms CreateObjectMapping: 0.908600 ms MarkObjects: 6.591600 ms  DeleteObjects: 6.268800 ms)

Prepare: number of updated asset objects reloaded= 0
========================================================================
Received Prepare
Begin MonoManager ReloadAssembly
Symbol file LoadedFromMemory is not a mono symbol file
- Loaded All Assemblies, in  1.170 seconds
Refreshing native plugins compatible for Editor in 2.29 ms, found 4 plugins.
Native extension for WindowsStandalone target not found
Native extension for WebGL target not found
Mono: successfully reloaded assembly
- Finished resetting the current domain, in  1.218 seconds
Domain Reload Profiling: 2388ms
	BeginReloadAssembly (318ms)
		ExecutionOrderSort (0ms)
		DisableScriptedObjects (13ms)
		BackupInstance (0ms)
		ReleaseScriptingObjects (0ms)
		CreateAndSetChildDomain (90ms)
	RebuildCommonClasses (50ms)
	RebuildNativeTypeToScriptingClass (17ms)
	initialDomainReloadingComplete (41ms)
	LoadAllAssembliesAndSetupDomain (745ms)
		LoadAssemblies (556ms)
		RebuildTransferFunctionScriptingTraits (0ms)
		AnalyzeDomain (330ms)
			TypeCache.Refresh (16ms)
				TypeCache.ScanAssembly (1ms)
			BuildScriptInfoCaches (291ms)
			ResolveRequiredComponents (17ms)
	FinalizeReload (1218ms)
		ReleaseScriptCaches (0ms)
		RebuildScriptCaches (0ms)
		SetupLoadedEditorAssemblies (912ms)
			LogAssemblyErrors (0ms)
			InitializePlatformSupportModulesInManaged (4ms)
			SetLoadedEditorAssemblies (6ms)
			BeforeProcessingInitializeOnLoad (213ms)
			ProcessInitializeOnLoadAttributes (520ms)
			ProcessInitializeOnLoadMethodAttributes (151ms)
			AfterProcessingInitializeOnLoad (16ms)
			EditorAssembliesLoaded (1ms)
		ExecutionOrderSort2 (0ms)
		AwakeInstancesAfterBackupRestoration (25ms)
Refreshing native plugins compatible for Editor in 6.19 ms, found 4 plugins.
Preloading 0 native plugins for Editor in 0.00 ms.
Unloading 29 Unused Serialized files (Serialized files now loaded: 0)
Unloading 7425 unused Assets / (6.3 MB). Loaded Objects now: 8721.
Memory consumption went from 171.3 MB to 165.0 MB.
Total: 30.047200 ms (FindLiveObjects: 1.866400 ms CreateObjectMapping: 4.863100 ms MarkObjects: 10.929900 ms  DeleteObjects: 12.353000 ms)

Prepare: number of updated asset objects reloaded= 0
========================================================================
Received Prepare
Begin MonoManager ReloadAssembly
Symbol file LoadedFromMemory is not a mono symbol file
- Loaded All Assemblies, in  1.157 seconds
Refreshing native plugins compatible for Editor in 3.07 ms, found 4 plugins.
Native extension for WindowsStandalone target not found
Native extension for WebGL target not found
Mono: successfully reloaded assembly
- Finished resetting the current domain, in  1.455 seconds
Domain Reload Profiling: 2615ms
	BeginReloadAssembly (307ms)
		ExecutionOrderSort (0ms)
		DisableScriptedObjects (12ms)
		BackupInstance (0ms)
		ReleaseScriptingObjects (0ms)
		CreateAndSetChildDomain (85ms)
	RebuildCommonClasses (66ms)
	RebuildNativeTypeToScriptingClass (19ms)
	initialDomainReloadingComplete (35ms)
	LoadAllAssembliesAndSetupDomain (733ms)
		LoadAssemblies (537ms)
		RebuildTransferFunctionScriptingTraits (0ms)
		AnalyzeDomain (320ms)
			TypeCache.Refresh (9ms)
				TypeCache.ScanAssembly (0ms)
			BuildScriptInfoCaches (287ms)
			ResolveRequiredComponents (18ms)
	FinalizeReload (1455ms)
		ReleaseScriptCaches (0ms)
		RebuildScriptCaches (0ms)
		SetupLoadedEditorAssemblies (1065ms)
			LogAssemblyErrors (0ms)
			InitializePlatformSupportModulesInManaged (3ms)
			SetLoadedEditorAssemblies (8ms)
			BeforeProcessingInitializeOnLoad (204ms)
			ProcessInitializeOnLoadAttributes (666ms)
			ProcessInitializeOnLoadMethodAttributes (176ms)
			AfterProcessingInitializeOnLoad (7ms)
			EditorAssembliesLoaded (1ms)
		ExecutionOrderSort2 (0ms)
		AwakeInstancesAfterBackupRestoration (40ms)
Refreshing native plugins compatible for Editor in 1.57 ms, found 4 plugins.
Preloading 0 native plugins for Editor in 0.00 ms.
Unloading 29 Unused Serialized files (Serialized files now loaded: 0)
Unloading 7425 unused Assets / (6.7 MB). Loaded Objects now: 8726.
Memory consumption went from 171.4 MB to 164.7 MB.
Total: 13.150800 ms (FindLiveObjects: 1.062400 ms CreateObjectMapping: 0.844400 ms MarkObjects: 5.730300 ms  DeleteObjects: 5.511500 ms)

Prepare: number of updated asset objects reloaded= 0
========================================================================
Received Prepare
Begin MonoManager ReloadAssembly
Symbol file LoadedFromMemory is not a mono symbol file
- Loaded All Assemblies, in  1.261 seconds
Refreshing native plugins compatible for Editor in 1.82 ms, found 4 plugins.
Native extension for WindowsStandalone target not found
Native extension for WebGL target not found
Mono: successfully reloaded assembly
- Finished resetting the current domain, in  1.561 seconds
Domain Reload Profiling: 2824ms
	BeginReloadAssembly (327ms)
		ExecutionOrderSort (0ms)
		DisableScriptedObjects (11ms)
		BackupInstance (0ms)
		ReleaseScriptingObjects (0ms)
		CreateAndSetChildDomain (92ms)
	RebuildCommonClasses (69ms)
	RebuildNativeTypeToScriptingClass (17ms)
	initialDomainReloadingComplete (40ms)
	LoadAllAssembliesAndSetupDomain (809ms)
		LoadAssemblies (627ms)
		RebuildTransferFunctionScriptingTraits (0ms)
		AnalyzeDomain (323ms)
			TypeCache.Refresh (16ms)
				TypeCache.ScanAssembly (2ms)
			BuildScriptInfoCaches (280ms)
			ResolveRequiredComponents (20ms)
	FinalizeReload (1562ms)
		ReleaseScriptCaches (0ms)
		RebuildScriptCaches (0ms)
		SetupLoadedEditorAssemblies (1153ms)
			LogAssemblyErrors (0ms)
			InitializePlatformSupportModulesInManaged (7ms)
			SetLoadedEditorAssemblies (9ms)
			BeforeProcessingInitializeOnLoad (246ms)
			ProcessInitializeOnLoadAttributes (718ms)
			ProcessInitializeOnLoadMethodAttributes (166ms)
			AfterProcessingInitializeOnLoad (7ms)
			EditorAssembliesLoaded (1ms)
		ExecutionOrderSort2 (0ms)
		AwakeInstancesAfterBackupRestoration (59ms)
Refreshing native plugins compatible for Editor in 1.78 ms, found 4 plugins.
Preloading 0 native plugins for Editor in 0.00 ms.
Unloading 29 Unused Serialized files (Serialized files now loaded: 0)
Unloading 7425 unused Assets / (6.3 MB). Loaded Objects now: 8731.
Memory consumption went from 171.4 MB to 165.1 MB.
Total: 18.628300 ms (FindLiveObjects: 1.782400 ms CreateObjectMapping: 1.830600 ms MarkObjects: 7.962600 ms  DeleteObjects: 7.050200 ms)

Prepare: number of updated asset objects reloaded= 0
========================================================================
Received Prepare
Begin MonoManager ReloadAssembly
Symbol file LoadedFromMemory is not a mono symbol file
- Loaded All Assemblies, in  1.423 seconds
Refreshing native plugins compatible for Editor in 1.64 ms, found 4 plugins.
Native extension for WindowsStandalone target not found
Native extension for WebGL target not found
Mono: successfully reloaded assembly
- Finished resetting the current domain, in  1.753 seconds
Domain Reload Profiling: 3175ms
	BeginReloadAssembly (404ms)
		ExecutionOrderSort (0ms)
		DisableScriptedObjects (12ms)
		BackupInstance (0ms)
		ReleaseScriptingObjects (0ms)
		CreateAndSetChildDomain (70ms)
	RebuildCommonClasses (60ms)
	RebuildNativeTypeToScriptingClass (17ms)
	initialDomainReloadingComplete (123ms)
	LoadAllAssembliesAndSetupDomain (817ms)
		LoadAssemblies (598ms)
		RebuildTransferFunctionScriptingTraits (0ms)
		AnalyzeDomain (408ms)
			TypeCache.Refresh (10ms)
				TypeCache.ScanAssembly (0ms)
			BuildScriptInfoCaches (381ms)
			ResolveRequiredComponents (12ms)
	FinalizeReload (1753ms)
		ReleaseScriptCaches (0ms)
		RebuildScriptCaches (0ms)
		SetupLoadedEditorAssemblies (1434ms)
			LogAssemblyErrors (0ms)
			InitializePlatformSupportModulesInManaged (3ms)
			SetLoadedEditorAssemblies (6ms)
			BeforeProcessingInitializeOnLoad (497ms)
			ProcessInitializeOnLoadAttributes (757ms)
			ProcessInitializeOnLoadMethodAttributes (162ms)
			AfterProcessingInitializeOnLoad (8ms)
			EditorAssembliesLoaded (0ms)
		ExecutionOrderSort2 (0ms)
		AwakeInstancesAfterBackupRestoration (20ms)
Refreshing native plugins compatible for Editor in 4.54 ms, found 4 plugins.
Preloading 0 native plugins for Editor in 0.00 ms.
Unloading 29 Unused Serialized files (Serialized files now loaded: 0)
Unloading 7425 unused Assets / (7.5 MB). Loaded Objects now: 8736.
Memory consumption went from 171.4 MB to 163.9 MB.
Total: 26.443100 ms (FindLiveObjects: 3.264200 ms CreateObjectMapping: 1.643200 ms MarkObjects: 11.575100 ms  DeleteObjects: 9.957600 ms)

Prepare: number of updated asset objects reloaded= 0
========================================================================
Received Prepare
Begin MonoManager ReloadAssembly
Symbol file LoadedFromMemory is not a mono symbol file
- Loaded All Assemblies, in  4.156 seconds
Refreshing native plugins compatible for Editor in 3.38 ms, found 4 plugins.
Native extension for WindowsStandalone target not found
Native extension for WebGL target not found
Mono: successfully reloaded assembly
- Finished resetting the current domain, in  2.022 seconds
Domain Reload Profiling: 6188ms
	BeginReloadAssembly (2304ms)
		ExecutionOrderSort (1ms)
		DisableScriptedObjects (274ms)
		BackupInstance (0ms)
		ReleaseScriptingObjects (3ms)
		CreateAndSetChildDomain (974ms)
	RebuildCommonClasses (87ms)
	RebuildNativeTypeToScriptingClass (23ms)
	initialDomainReloadingComplete (112ms)
	LoadAllAssembliesAndSetupDomain (1638ms)
		LoadAssemblies (1313ms)
		RebuildTransferFunctionScriptingTraits (0ms)
		AnalyzeDomain (700ms)
			TypeCache.Refresh (59ms)
				TypeCache.ScanAssembly (2ms)
			BuildScriptInfoCaches (587ms)
			ResolveRequiredComponents (32ms)
	FinalizeReload (2025ms)
		ReleaseScriptCaches (0ms)
		RebuildScriptCaches (0ms)
		SetupLoadedEditorAssemblies (1552ms)
			LogAssemblyErrors (0ms)
			InitializePlatformSupportModulesInManaged (9ms)
			SetLoadedEditorAssemblies (9ms)
			BeforeProcessingInitializeOnLoad (236ms)
			ProcessInitializeOnLoadAttributes (1096ms)
			ProcessInitializeOnLoadMethodAttributes (192ms)
			AfterProcessingInitializeOnLoad (8ms)
			EditorAssembliesLoaded (1ms)
		ExecutionOrderSort2 (0ms)
		AwakeInstancesAfterBackupRestoration (33ms)
Refreshing native plugins compatible for Editor in 1.84 ms, found 4 plugins.
Preloading 0 native plugins for Editor in 0.00 ms.
Unloading 29 Unused Serialized files (Serialized files now loaded: 0)
Unloading 7425 unused Assets / (7.5 MB). Loaded Objects now: 8741.
Memory consumption went from 171.4 MB to 163.9 MB.
Total: 27.712900 ms (FindLiveObjects: 1.539300 ms CreateObjectMapping: 2.248900 ms MarkObjects: 12.369500 ms  DeleteObjects: 11.552500 ms)

Prepare: number of updated asset objects reloaded= 0
